Beef,Milk,Chicken,Egg Whites,Pork,Salmon
Bos taurus,Bos taurus,Gallus domesticus,Gallus domesticus,Sus scrofa domesticus,Salmo salar
9913,9913,‎9031,‎9031,9825,8030
ACAT1,ABCG2    ,AARS,P53478 , AHNAK,tpi1b
ACO2,ACTB,ACAA2,P49702 ,A1BG,pdlim7
ACSL6,AHSG,ACAD9,O57579 ,A2M,LOC106604402
ACTC1,ANXA1,ACADL,Q9R182  ,AAMDC,LOC106578926
ADRM1,ANXA2 ,ACO2,Q10751,AARS,LOC106578961
AGT,APOA1 ,ACP1,P08250  ,AARSD1,LOC106579065
AHCY,APOA4 ,ACTA1,Q5G8Y9,AASS,LOC100194624
AKAP12,APOE ,ACTB,P02701 ,ABCE1,tcpd
AKR1B1,ARHGDIA    ,ACTN2,P19204 ,ABCF2,LOC106587535
ALAD,B2M,ACTN4,Q8QFM7 ,ABHD14B,rssa
ALDH1A1,B4GALT1,ACYP1,Q9YGP0 ,ACAA2,fkbp1b
ALDH2,BTN1A1 ,ACYP2,Q811M5 ,ACAD10,adssl1
ALDH9A1,AZGP1,ADCK3,Q703P0 ,ACAD9,LOC100380720
ALDOB,C3 ,ADH5,Q9PSS4 ,ACADL,LOC106586251
AMBP,C9 ,ADPRH,P01038 ,ACADM,LOC106561692
AMPD3,CATHL1 ,ADPRHL1,P28649  ,ACADS,LOC106560816
ANK2,CD14 ,ADSL,Q90839,ACADSB,rl4a
ANXA1,CD36 ,ADSSL1,P21760 ,ACADVL,LOC100194695
ANXA4,CD5L    ,AFABP,Q6X2C8 ,ACAT1,LOC106561357
ANXA5,CD9,AGL,Q90844 ,ACBD7,LOC100194640
ANXA6,CDC42,AHCY,Q6IV20 ,ACLY,LOC100194658
AP1B1,CFL1,AHNAK2,Q90593 ,ACO1,LOC106561017
APEX1,CLEC3B     ,AHSG,P22352 ,ACO2,LOC100136569
APOA1,CLU,AK1,P20136 ,ACOT13,tpm1
APOH,CRISP3,AK2,P15505 ,ACOT4,ldha
ARF4,CSN1S1,AKR1A1,Q02391 ,ACOT6,LOC106584615
ARHGDIB,CSN2,AKR1B10,Q8AV77 ,ACP1,LOC106586369
ARHGEF2,EEF1A1 ,ALB,O73840  ,ACSL1,LOC106565613
ARPC4,EEF2  ,ALDH1A1,P09987 ,ACSL3,LOC106569363
ASNS,EZR,ALDH1L2,P35062 ,ACSS2,LOC100194662
ATIC,F2 ,ALDH2,Q9PUK9,ACTA1,LOC106582275
ATP2A2,FABP3 ,ALDH6A1,Q0IIJ7  ,ACTB,aldh7a1
ATP5B,FASN ,ALDH7A1,50730484,ACTBL2,rpl12
ATP5I,FGA ,ALDH9A1,118084926,ACTC1,sptan1
ATP5J2,FGB ,ALDO,118086191,ACTN1,LOC100194645
ATP5O,FGFBP1 ,ALDOA,118091049,ACTN2,ckmt2
BAG3,FGG ,ALDOB,118091766,ACTN3,ppia1
BANF1,FN1 ,ALDOC,118094358,ACTN4,sucla2
BCAT1,FOLR1 ,AMPD1,118097764,ACTR1A,rpl7a
BDH1,GC,ANXA2,118100532,ACTR2,LOC106566997
CACNA2D1,GDI2 ,ANXA6,118102241,ACTR3,LOC106572606
CALR3,GGT1 ,AP2A2,118129730,ACTR5,LOC100286403
CALU,GLYCAM1,APOA1,118129740,ACTRT2,LOC106566847
CAMK2D,GP2,APOA1BP,P20763 ,ACY1,LOC106566707
CAP2,GRN,apoAIV,P01875 ,ACYP1,mime
CAPN1,GSN,AS,P04210 ,ACYP2,LOC106586630
CASQ1,HEBP1 ,ATG3,54111245,ADCY3,capza1
CAST,HHIPL2 ,ATP1A2,P41214 ,ADH5,LOC106566457
CAT,HSP90AA1 ,ATP2A1,Q90890 ,ADHFE1,LOC106589600
CBX5,HSP90AB1 ,ATP2A2,P00698 ,ADI1,LOC106589423
CCT3,HSPA5 ,ATP5A1,Q92062 ,ADIPOQ,LOC106589533
CCT4,HSPA8 ,ATP5B,O42146 ,ADO,pvalb2
CCT6B,HSPB1,BAG2,P26652 ,ADPRHL1,LOC106609875
CCT7,IDH1 ,BAG3,Q9ER88 ,ADSL,dhrs7c
CCT8L2,IGJ,BASP1,Q16891 ,ADSSL1,LOC106586750
CDA,ITIH4 ,BDH2,125630641,AGL,LOC100136404
CDC42,LBP,BHMT,Q8AXY6 ,AGO2,LOC100194727
CDH15,LPL,BIN1,O57596 ,AGPAT5,estd
CFDP2,LPO,BPGM,Q2LAG5 ,AHCY,LOC106586456
CKAP4 ,LTF,BZW2,Q5ZJH2 ,AHCYL1,LOC106582275
CKMT2,MFGE8 ,C11orf54,Q5SVV3 ,AHNAK,LOC106582275
CLIC1,MUC,C11orf89,Q25C36 ,AHSA1,LOC106581959
CNDP1,MUC15 ,C12orf5,P01012 ,AHSG,LOC100194662
CNN1,NPC2,C26H6orf130,P01014 ,AIFM1,LOC106581950
COL12A1,NUCB1 ,C3,118086485,AIMP1,LOC106581769
COL18A1,ORM1,CA2,Q90YI1 ,AIMP2,LOC100194684
COL6A6,P4HB ,CA3,Q9PRS8 ,AIP,LOC106599860
COL9A1,PIGR,CALM,Q8JIG5 ,AK1,LOC106600326
COPG2,PLIN2 ,CALR,P10184 ,AK2,LOC106599117
CS,PPIA,CAMK2D,Q98UI9 ,AK3,trf
CTNNA1,PRDX1 ,CAND2,Q6L608 ,AKR1A1,ckm2
CTNND1,RAB18 ,CAPN1,P01005 ,AKR1B1,LOC100194673
CYB5A,RAB1A,CAPN2,P20740 ,AKR1CL1,LOC100196673
CYB5R3,RAB5C ,CAPN3,P02789 ,AKR7A2,pygma
CYCS,RAB7A,CAPNS1,71274075,AKT2,acat1
DAK,RAP1B ,CAPZA2,71274079,ALAD,LOC106587501
DBN1,RHOA,CASQ2,71274077,ALB,LOC106567588
DCN,RNASE4 ,CBR1,P24367 ,ALDH2,kad
DCTN1,S100A8 ,CCDC72,Q91348 ,ALDH3A2,LOC106563251
DCTN2,S100A9,CCT2,P32760,ALDH4A1,LOC100194644
DDAH2,SAA3,CCT5, P26446 ,ALDH5A1,LOC106563660
DDB1,SCGB1D ,CCT6,153792243,ALDH6A1,bhmt
DDOST,SELENBP1 ,CCT7,P24802 ,ALDH7A1,grp78
DDX17,SELENOF ,CCT8,Q05199 ,ALDH9A1,LOC106603036
DDX39A,SERPINA1 ,CD99,Q90773  ,ALDOA,obscn
DDX3X,SLC34A2 ,CDC37,Q5F3C9,ALDOC,LOC106569229
DLST,TF,CDC42 ,Q5F472  ,ALKBH3,LOC106569202
DPYSL2,TXN,CFL2,Q5ZK12 ,ALKBH8,me2
DPYSL3,UGP2 ,CHAT,Q5ZK87 ,ALPK3,LOC106569067
DSTN,VIM,CHCHD2,Q5ZL18 ,AMPD1,LOC106568643
DYNC1H1,WARS ,CIRBP,Q5ZLZ9,ANK1,acadm
EEF1A1,XDH,CKM,Q5ZMN8 ,ANK2,rs8
EEF1B2,YWHAB ,CKMT2,Q5ZLD1  ,ANKRD1,gys1
EEF1D,YWHAE ,CLE7,Q5ZMF2,ANKRD12,hadh
EEF2,YWHAZ,CLTC,Q5ZHR1 ,ANKRD17,LOC106591329
EHBP1,,CNDP2,Q5ZKW3 ,ANKRD2,LOC106600082
EIF3B,,COL6A3,Q9JIS1  ,ANKRD26,LOC106593154
EIF4EBP1,,COPS2,Q1XIH7,ANXA1,LOC106564289
EIF4G1,,COPS4,P02752 ,ANXA11,LOC106593426
EIF4H,,COX2,118097624,ANXA2,LOC106593196
EIF5,,COX4I1,118089138,ANXA4,ef1g
EMILIN1,,CPT2,Q4FZD7 ,ANXA5,hadhb
ENO2,,CRAT,Q7TQP6 ,ANXA6,mmsa
EPB41L2,,CRMP2A,P19121 ,ANXA7,LOC106575168
EPYC,,CRYL1,Q6P7V3 ,AP1B1,tuba8l2
ERLIN1,,CS,118085773,AP1G1,mlc-2
ERP29,,CSDA,118085695,APBB2,LOC106604916
ESYT2,,cxorf21,118082796,APEH,rs2
ETFA,,DCTN2,118082798,APIP,LOC106589989
EZR,,DDB1,50757167,APMAP,LOC100136352
F2,,DDX39B,118099118,APOA1,LOC106595815
FABP3,,DDX5,118100703,APOA4,LOC100194623
FASN,,DES,118129746,APOBEC2,LOC106596865
FBLN1,,DJ-1,118085755,APOC3,LOC106606491
FETUB,,DLAT,118091334,APOH,LOC106566248
FGG,,DLD,118087898,APOO,LOC106589133
FH,,DLST,118089858,APOOL,LOC106590279
FHL1,,DMD,Q90WR3 ,ARF1,rl10
FKBP1A,,DNPEP,50760791,ARG2,LOC106562377
FLNC,,DSTN,118096558,ARHGDIA,LOC106585056
FN1,,DTNA,118085250,ARIH1,slc25a11
FSCN2,,ECI1,118100813,ARIH2,hsdl2
GANC,,EeF1,118101373,ARL6IP5,prs8
GC,,EEF1A,118089185,ARL8B,LOC106578040
GDI2,,EEF1A2,118083274,ARMC8,LOC106575818
GLOD4,,EEF1B2,118104912,ARMT1,atp5a1
GNAS,,EEF2,118089211,ARPC2,LOC106575942
GNB1,,EHD3,118129750,ARPC4,LOC106570598
GOT1,,EIF2S1,118100477,ARPC5,pgs2
GPD1,,EIF2S3,118091591,ARPC5L,lum
GRSF1,,EIF3EIP,126328096,ARPP19,LOC106590668
GSN,,EIF4A2,118090650,ART3,LOC106587025
H1F0,,EIF4B,118090416,ART5,LOC106562377
H1FX,,EIF4H,118082345,ASB10,LOC106608334
H2AFV,,EIF5A1,50732085,ASB14,LOC106577387
H2AFY,,EML1,118103074,ASB2,LOC106596129
H2B,,ENO1,118083374,ASL,fbp2
HADHB,,ENO3,Q8JGM4  ,ASNA1,LOC106586260
HARS,,Epm2a,Q9QZY9,ASPN,LOC106575720
HBE1,,EPRS,P10039  ,ASPSCR1,LOC106573956
HDGFL1,,ESD,O42273,ASRGL1,pdlim7
Histone H2B,,ETFA,P62973 ,ATAD1,prs6a
HK2,,FABP,P25022 ,ATG3,LOC106578745
HMGB3,,FAM136A,P41366 ,ATL1,rpl18
HNRNPA1,,FBP2,Q8R280 ,ATL2,LOC106574916
HNRNPA2B1,,FDPS,P47990  ,ATOX1,LOC106587291
HNRNPD,,FH,Q2M3W8,ATP1A1,LOC106606665
HNRNPH3,,FKBP12 ,Q98T82,ATP1A2,LOC106596253
HNRNPK,,FKBP2,,ATP1B1,LOC106587214
HNRNPM,,FSCN1,,ATP1B4,f10a1
HNRNPR,,FUBP1,,ATP2A1,LOC106586456
HNRNPU,,G3BP1,,ATP2A2,LOC106582275
HSP90B1,,GAMT,,ATP2A3,LOC106579178
HSPA8,,GANC,,ATP2B1,LOC106593081
HSPA9,,GAPDH,,ATP5A1,LOC106586456
HSPB1,,GARS,,ATP5B,LOC106586456
HSPB2,,GBAS,,ATP5C1,LOC106596646
HSPB3,,GDI2,,ATP5D,LOC106579610
HSPD1,,GLO1,,ATP5F1,rps13
HSPG2,,GOT1,,ATP5H,ldb3
HYOU1,,GOT2,,ATP5I,ncl
IDH1,,GPD1,,ATP5J,LOC106589818
IGF2BP3,,GPD2,,ATP5J2,rs17
IGF2R,,GPH1,,ATP5L,LOC106561611
ILK,,GPI,,ATP5O,LOC106573043
ISYNA1,,GPX3,,ATP5S,ugpa
ITIH2,,GSTA,,ATPIF1,echs1
ITIH3,,GSTM2,,AUP1,LOC100194528
KARS,,GYG1,,AZGP1,LOC106577061
KBTBD10,,H1,,BAG3,LOC106574549
KCTD8 ,,H1FX,,BCAM,LOC106574550
KERA,,H2AFY2,,BCAP29,LOC100194559
KHSRP,,H2B-VII,,BCAP31,park7
KNG1,,H3F3C,,BCAT2,LOC106565051
KPNB1,,H4,,BCKDHA,psma5
KTN1,,HADH,,BCL2L13,LOC100136508
LAMB1,,HADHA,,BDH1,pdhb
LAMC1,,HADHB,,BDH2,ical
LDB3,,HBAA,,BGN,LOC106568161
LDHB,,HBAD,,BIN1,LOC106568020
LGALS1,,HBG2,,BLMH,LOC100194641
LMAN2,,HIST2H2AC,,BLVRA,hspa8
LMNB2,,HK1,,BLVRB,LOC106567640
LMOD2,,HK2,,BNIP2,LOC106567627
MACROD2,,HNRNPA2B1,,BOLA1,rl10a
MAP4,,HNRNPA3,,BPGM,LOC106600715
MARCKSL1,,HNRNPAB,,BPHL,LOC106565326
MATN1,,HNRNPH1,,BPNT1,nme1
MCM6,,HNRNPH3,,BRCA2,LOC106607253
MDH1,,HNRNPK,,BSG,rs11
MGEA5,,HNRNPR,,BZW1,LOC100136576
MLEC,,HP1BP3,,BZW2,hbb1
MSH5,,HSD17B10,,C13H21orf33,LOC106601072
MTHFD1L,,HSDL2,,C14orf166,LOC106601076
MYADM,,HSP60,,C19orf10,LOC106573748
MYBPH,,HSP70,,C19orf12,LOC106565367
MYH1,,HSP90AA1,,C19orf70,LOC106565377
MYH10,,HSP90B1,,C1orf123,rs3a
MYH11 ,,HSPA4,,C1orf131,actc1
MYH7,,HSPA5,,C1orf27,ckb
MYH9,,HSPA8,,C3,adssl2
MYL3,,HSPA9,,C5orf51,rl13
MYL4,,HSPB1,,C9,ndufs3
MYL6,,HSPD1,,CA2,LOC106561879
MYL6B,,HSPE1,,CA3,anxa1
MYL7,,HuA,,CAB39,LOC106580001
MYL9,,IDH,,CACNA1S,LOC106565515
MYOT,,IGFN1,,CACNA2D1,LOC106585012
MYOZ2,,ILF2,,CACNB1,LOC106580409
NACAD,,IMPDH2,,CACNG1,rpl6
NAP1L1,,KARS ,,CACYBP,LOC106565651
NCAM2,,KBTBD10,,CALD1,LOC106580430
NDUFA13,,KHSRP,,CALM3,LOC106580568
NDUFA4,,KPNB1,,CALR,smyd1b
NDUFA9,,LAMA2,,CALU,pebp1
NDUFS8,,LAMB1,,CAMK2A,park7
NEB,,LAMC1,,CAMK2B,LOC106565909
NEXN,,LANCL1,,CAMK2D,LOC106565904
NID2,,LDB3,,CAMK2G,LOC100194596
NME2,,LDHA,,CAND1,LOC106608893
NNT,,LDHB,,CAND2,ppp1cb
NUCKS1,,LMNA,,CANX,LOC106565806
NUDT4,,LMNB2,,CAP2,LOC106601538
NUMA1,,LOC100857858,,CAPN1,LOC106584548
ORM1,,LOC395260,,CAPN2,LOC100136571
OVOS2,,LOC418170,,CAPN3,LOC106584521
OXCT1,,LOC418811,,CAPNS1,LOC100136357
PAFAH1B2,,LOC422173,,CAPZA2,LOC106584198
PAICS,,LOC423008,,CAPZB,LOC106607442
PCBP1,,LOC424014,,CARKD,LOC106600852
PCBP2,,LOC426378,,CARNS1,ndka
PDHA2,,LOC431010,,CASQ1,phb
PDHB,,LOC770260,,CASQ2,LOC106601076
PDIA4,,LRRC20,,CAST,LOC106601262
PDIA6,,LSM3,,CASTOR2,LOC106601555
PDLIM4,,LUM,,CAT,ldb3
PDLIM5,,MANF,,CAV1,LOC106566046
PFN,,MAP7D3,,CAV2,LOC106566023
PGM5,,MAPK1,,CAV3,LOC106590360
PHB2,,MARCKS,,CAVIN1,LOC106566016
PKP2,,MAT1A,,CAVIN2,rps20
PLIN4,,MCTS1,,CAVIN3,LOC106590208
PLS1,,MDH1,,CAVIN4,LOC106590144
PPIA,,MDH2,,CCDC124,LOC106577118
PPID,,ME1,,CCDC157,LOC106608573
PPP1CA,,MPST,,CCDC158,LOC106612511
PPP2R1B,,MURC,,CCDC30,LOC106611807
PRDX6,,MYBPC1,,CCDC58,LOC100136539
PRKCSH,,MYBPC2,,CCDC80,LOC106602756
PROB1,,MYBPH,,CCDC88C,pura1
PSMB3,,MYH6,,CCNDBP1,prs10
PSMB7,,MYL1,,CCPG1,LOC106608110
PSMC3,,MYL6,,CCT2,LOC106571588
PSMC6,,MYLK2,,CCT3,fkbp3
PSMD1,,MYLPF,,CCT4,sod2
PSMD2,,MYOM1,,CCT5,LOC100194655
PSMD5,,MYOM2,,CCT6A,hsp70-3
PSMD7,,MYOZ1,,CCT7,mlrv
PSPC1,,MYOZ3,,CCT8,tmod4
RAB1A,,MYPN,,CD19,prs6b
RAB6B,,NACA2,,CD36,tpi1b
RAD23A,,NAMPT ,,CD59,gamt
RANBP6,,NAP1L4,,CDC34,LOC106560288
RAP1B,,NCL,,CDC37,LOC106560346
RARS,,NDUFA5,,CDC42,LOC106560477
RBMXL2,,NDUFV2,,CDC43,LOC106570460
REN,,NID1,,CDH13,LOC106570380
RPL13,,NID2,,CDH22,ef1a
RPL13A,,NME2,,CELSR3,LOC106610810
RPL14,,NONO,,CENPV,LOC106610855
RPL18,,NPEPL1,,CEP350,LOC106581666
RPL24,,NPEPPS,,CFAP73,cf12
RPL4,,NPM1,,CFB,LOC106611334
RPL6,,NSFL1C,,CFH,LOC106591812
RPLP1,,OBSCN,,CFI,neb
RPLP2,,OGDH,,CFL1,immt
RPN1,,OGN,,CFL2,LOC106611558
RPS10,,OLA1,,CHCHD2,LOC106580784
RPS13,,OSBP2,,CHCHD3,LOC100136573
RPS16,,OXCT1,,CHML,LOC106612591
RPS2,,P4HB,,CHMP1A,LOC106581054
RPS25,,PABPC1,,CHMP4B,LOC106581056
RPS28,,PACSIN3,,CHTOP,143g2
RPS3,,PAFAH1B2,,CILP,anxa6
RPS3A,,PBLD,,CISD1,LOC106577194
RPS6,,PCMT1,,CISD2,LOC106580669
RPS7,,PDCD5,,CIT,LOC106608954
RPS8,,PDCD6,,CKAP1,LOC106608670
RPSA,,PDCD6IP,,CKM,ola1
RRBP1,,PDHA1,,CKMT2,rs19
RTN1,,PDHB,,CLCC1,LOC106570382
RTN2,,PDIA3,,CLEC18A,fabp3
S100A1,,PDIA4,,CLGN,LOC106569946
SAFB,,PDIA6,,CLIC1,enog
SDHB,,PDLIM3,,CLIC5,LOC106588431
SEPT2,,PDLIM5,,CLIP1,LOC106570028
SEPT7,,PEBP1,,CLNS1A,LOC106570065
SERPINA5,,PFDN4,,CLPTM1,143b2
SERPINF1,,pfk,,CLTB,LOC100286403
SERPING1,,PFN2,,CLTC,LOC106566701
SERPINH1,,PGAM1,,CMBL,LOC106572105
SFRS13A,,PGD,,CMPK1,ampd1
SH3BGRL,,PGK1,,CMYA5,LOC106580348
SKP1,,PGM1,,CNBD1,LOC106572524
SLC25A31,,PGM2L1,,CNBP,k2c8
SLC4A2,,PGP,,CNIH4,LOC106608224
SNRPB,,PHKA1,,CNN1,LOC106566373
SNRPE,,PHKB,,CNTROB,enoa
SNX2,,PHPT1,,COA3,tmod4
SOD1,,PIT 54,,COASY,LOC106612458
SOD2,,PITPNB,,COBL,apoa1
SRSF2,,PKM2,,COL12A1,LOC106612591
SRSF7,,PLD1,,COL14A1,LOC106581123
SRSF9,,POSTN,,COL15A1,LOC106612983
STMN1,,PPA1,,COL18A1,LOC106582677
SUB1,,PPIA,,COL1A1,LOC106579590
SUCLA2,,PPIB,,COL1A2,rpl21
TAGLN3,,PPIH,,COL2A1,tcpe
TCAP,,PPP1R3A,,COL3A1,LOC106576324
TCP1,,PPP1R7,,COL4A2,atp5c1
TF,,PPP2CA,,COL4A5,LOC106609240
TGFBI,,PPP2R4,,COL5A2,LOC100286412
THBS4,,PPP3CA,,COL6A1,ldhb
TLN1,,PRDX1,,COL6A2,LOC106575950
TMEM109,,PRDX3,,COL6A3,acadvl
TMPO,,PRDX4,,COMT,zadh2
TNC,,PRDX6,,COPA,LOC106580669
TNNC2,,PRELP,,COPB1,LOC106612413
TNNI1,,PREP,,COPS2,LOC106583543
TNNT2,,PRKAR2A,,COPS3,LOC106566433
TPIPGM5,,PRPS1,,COPS4,LOC106604954
TPPP2,,PSMA1,,COPS5,LOC100136535
TPT1,,PSMA2,,COPS6,LOC106604938
TRIM72,,PSMA3,,COPS7A,LOC106609195
TTC25,,PSMA4,,COPS7B,LOC106583951
TTR,,PSMA5,,COPS8,LOC106604765
TUBB,,PSMA6,,COQ5,fhl1
TUBB2B,,PSMA7,,COQ6,LOC106604691
TUBB4B,,PSMB1,,COQ8A,adhx
UBA6,,PSMB2,,COQ9,LOC100136484
UBAP2,,PSMB3,,CORO1C,tma20
UBE2N,,PSMB5,,CORO6,macd1
UBQLN1,,PSMB7,,COX17,LOC106604374
UNC45B,,PSMC3,,COX2,ptrf
UQCRC2,,PSMD3,,COX4I1,LOC106590181
USP5,,PSPH,,COX5A,LOC106586497
VAPB,,PTRF,,COX5B,LOC106578933
VBP1,,PURB,,COX6B,LOC106586064
VCAN,,PURH,,COX6C,LOC106586062
WDR72,,PYGB,,COX7A1,LOC106579160
XPO1 ,,PYGL,,COX7C,vat1
YWHAE,,RAB11A,,CP,mlc-2
YWHAG,,RAB1A,,CPNE1,LOC106579339
YWHAQ,,RAB21,,CPNE3,nif3l1
YWHAZ,,RAB5C,,CPPED1,LOC106585850
ZC3H10,,RAC1,,CPT1B,LOC106585868
,,RAD23B,,CPT2,p4hb
,,RAN,,CRAT,LOC106564957
,,RAP1A,,CREBRF,LOC106587764
,,RBMX,,CRKL,LOC106564958
,,RCJMB04_11a23,,CRYAA,sydc
,,RCJMB04_1g3,,CRYAB,LOC106564567
,,RDX,,CRYBB2,LOC106564832
,,REXO2,,CRYZ,LOC106607943
,,RPL10,,CS,LOC106571213
,,RPL11,,CSDE1,LOC106607599
,,RPL12,,CSE1L,akap12
,,RPL13,,CSNK2A1,tcp1
,,RPL14,,CSNK2B,LOC106607732
,,RPL15,,CSRP1,LOC106586198
,,RPL18,,CSRP3,LOC106608112
,,RPL22,,CSTB,LOC106607754
,,RPL23,,CSTF2T,LOC106607727
,,RPL23A,,CTF1,acp1
,,RPL27,,CTSB,pm20d2
,,RPL27A,,CTSC,LOC106607733
,,RPL31,,CTSD,LOC100380760
,,RPL4,,CUL2,LOC100196524
,,RPL5,,CUL3,LOC100194569
,,RPL6,,CUL4A,LOC106573246
,,RPL7,,CUL5,LOC106560692
,,RPL7A,,CUTA,LOC106561659
,,RPL8,,CYB5A,psma4
,,RPL9,,CYB5B,LOC106561208
,,RPLP0,,CYB5R1,LOC106561658
,,RPLP1 ,,CYB5R3,LOC106573660
,,RPLP2,,CYC1,LOC106561021
,,RPS10,,CYP4F55,LOC106561857
,,RPS13,,DAD1,tnni3
,,RPS14,,DAG1,LOC106560870
,,RPS15A,,DARS,fkbp4
,,RPS16,,DAZAP1,LOC106561706
,,RPS17,,DBI,LOC106586272
,,RPS2,,DCAF6,LOC106561370
,,RPS20,,DCN,LOC106586278
,,RPS24,,DCTN1,aars
,,RPS25,,DCTN2,LOC106561012
,,RPS26,,DCUN1D1,ppib
,,RPS28,,DCXR,LOC106560679
,,RPS29,,DDAH2,LOC106561014
,,RPS3,,DDB1,LOC100194665
,,RPS3A,,DDT,LOC106561671
,,RPS4,,DDX1,LOC106561253
,,RPS6,,DDX17,LOC106560703
,,RPS7,,DDX19B,LOC106561070
,,RPS8,,DDX39B,dmgdh
,,RPSA,,DDX3X,habp4
,,RRBP1,,DDX6,LOC100194632
,,S-gicerin,,DECR1,LOC106568813
,,SAFB2,,DERL1,LOC106568085
,,SARDH,,DES,LOC106607423
,,SCFD1,,DHDH,ntmt1
,,SDHA,,DHRS4,LOC106562047
,,SDHB,,DHRS7,LOC106562268
,,SDPR,,DHRS7B,LOC106570496
,,SEC22B,,DHRS7C,LOC100196661
,,Sep-02,,DHX9,isoc2
,,SEPT2,,DIABLO,auh
,,SET,,DIAPH1,lmnb1
,,SF3A2,,DIP2A,LOC106568115
,,SF3B3,,DIRAS2,LOC106571564
,,SH3BGRL,,DLAT,hint1
,,SKP1,,DLD,purb
,,SLC25A3,,DLST,cssa01h5orf63
,,SLC25A4,,DMD,LOC106570862
,,SMYD1,,DNAH10,LOC106562702
,,SNRPB,,DNAJA2,tbca
,,SNRPE,,DNAJB4,sardh
,,SOD1,,DNAJB6,LOC106569430
,,SORD,,DNAJC7,LOC100380665
,,SPTAN1,,DNASE1L1,LOC106563467
,,SPTB,,DNM1,LOC106566441
,,SPTBN1,,DNPEP,LOC106566973
,,SRL,,DPP3,LOC106566972
,,SRSF,,DPT,LOC106567055
,,SRSF5,,DPYSL2,cnbp
,,ST13,,DRG1,LOC106567091
,,STAU1,,DRG2,LOC106567206
,,STMN1,,DRGX,fkb1b
,,SUOX,,DSG1,LOC106567148
,,SYNM,,DSTYK,qars
,,TBA1,,DTNA,LOC106566777
,,TCP1,,DUPD1,LOC106566437
,,TFEW,,DUSP23,LOC106567051
,,TGFBI,,DUSP28,LOC106566373
,,THYN1,,DUSP3,LOC106567016
,,TLN2,,DYNC1H1,LOC106566713
,,TMPO,,DYNC1I2,mare1
,,TNNC1,,DYNC1LI1,LOC106582091
,,TNNC2,,DYNC1LI2,LOC106565226
,,TNNI2,,DYNLL2,LOC106572477
,,TNNT3,,DYNLRB1,LOC106566838
,,TPI1,,DYRK3,LOC106567168
,,TPM1,,DYSF,LOC106586628
,,TPM2,,E3,LOC106566456
,,TPT1,,ECH1,LOC106567286
,,TST,,ECHDC3,atp5e
,,TTC1,,ECHS1,LOC106589688
,,TTN,,ECI1,LOC106589639
,,TUB7,,ECI2,LOC106589296
,,TXNL1,,EEF1A1,lrpprc
,,UBC,,EEF1A2,LOC106589634
,,UBE2K,,EEF1B2,LOC106586690
,,UBE2L3,,EEF1D,LOC106589410
,,UBE2N,,EEF1G,LOC106589429
,,UBE2V1,,EEF2,vdac2
,,UBE2V2,,EEF2K,hyep
,,UCHL1,,EFCAB3,LOC106586718
,,UGP2,,EHBP1L1,cops3
,,UNC80,,EHD1,LOC106589810
,,URP,,EHD2,LOC106589447
,,USO1,,EHHADH,LOC106589883
,,VCL,,EIF1AX,LOC106589654
,,vcp,,EIF1B,LOC106589493
,,VH1,,EIF2S1,neurl2
,,VIM,,EIF2S2,plpp
,,VTDB,,EIF2S3,agt
,,VTN,,EIF3A,bag2
,,XIRP1,,EIF3D,LOC106586796
,,XPNPEP1,,EIF3E,LOC106581960
,,YWHAE,,EIF3F,LOC106586794
,,YWHAG,,EIF3G,txndc9
,,YWHAH,,EIF3I,LOC106581830
,,YWHAQ,,EIF3J,LOC106586486
,,YWHAZ,,EIF3K,LOC106582251
,,,,EIF3L,LOC100136430
,,,,EIF3M,uchl3
,,,,EIF4A1,LOC106582434
,,,,EIF4A2,LOC106582467
,,,,EIF4B,LOC106582389
,,,,EIF4E,LOC106581984
,,,,EIF4G1,LOC106581942
,,,,EIF4G2,pdlim5
,,,,EIF4G3,scrn3
,,,,EIF4H,LOC100194724
,,,,EIF5A,LOC106597314
,,,,EIF5B,abcf2
,,,,EIF6,LOC106600490
,,,,ELOB,LOC106599691
,,,,ELOC,LOC106598984
,,,,EMC2,pter
,,,,EML1,LOC106599100
,,,,EML2,col6a2
,,,,ENDOD1,LOC106598932
,,,,ENDOG,LOC106598656
,,,,ENO1,LOC106599166
,,,,ENO2,LOC106598792
,,,,ENO3,LOC106597230
,,,,ENOPH1,anxa13
,,,,EPB41,LOC106600069
,,,,EPHX1,LOC106598797
,,,,EPRS,LOC106579610
,,,,EPS15,pdk3
,,,,ERBB3,LOC106603127
,,,,ERH,apoo
,,,,ERI2,ryr1
,,,,ERI3,LOC106603571
,,,,ERLIN2,serph
,,,,ERO1A,LOC106603260
,,,,ERP29,LOC106603724
,,,,ERP44,LOC106603046
,,,,ESD,LOC106603211
,,,,ESPL1,flt2
,,,,ETFA,rtn2
,,,,ETFB,LOC106603145
,,,,ETFDH,LOC106603456
,,,,F12,LOC106602874
,,,,F2,LOC106603134
,,,,FABP3,LOC106602876
,,,,FABP4,LOC106603334
,,,,FABP5,dlat
,,,,FAH,ckm2
,,,,FAM162A,pgk
,,,,FAM213A,LOC106562908
,,,,FAM213B,LOC106563586
,,,,FAM46A,dpp3
,,,,FAM47E,hmgb1
,,,,FAM49B,btf3
,,,,FAM98A,LOC106563475
,,,,FARSB,set
,,,,FASN,LOC106563505
,,,,FAT4,drg1
,,,,FAXC,ass1
,,,,FBLN5,LOC100194725
,,,,FBN1,LOC106563560
,,,,FBP2,LOC100380751
,,,,FBXL4,LOC106563231
,,,,FBXO30,LOC106571349
,,,,FDPS,npm
,,,,FECH,c6
,,,,FERMT2,ywhah
,,,,FETUB,LOC106563587
,,,,FGA,LOC106563745
,,,,FGB,LOC106563481
,,,,FGG,gstt2b
,,,,FGGY,rs14
,,,,FH,cmya5
,,,,FHL1,psmb6
,,,,FHL3,LOC106563647
,,,,FHOD1,ube2g1
,,,,FILIP1,LOC106603154
,,,,FIS1,nfm
,,,,FITM1,LOC106603979
,,,,FKBP1A,tbb2a
,,,,FKBP3,LOC106569325
,,,,FLII,LOC106569524
,,,,FLNA,LOC106597230
,,,,FLNB,cahz
,,,,FLNC,arf1
,,,,FLOT1,LOC100380746
,,,,FLOT2,LOC106568874
,,,,FMOD,LOC106569146
,,,,FN1,adhfe1
,,,,FN3K,LOC106568976
,,,,FN3KRP,LOC106569576
,,,,FOCAD,LOC106569441
,,,,FSCN1,LOC106569554
,,,,FSD2,LOC106569582
,,,,FUNDC2,LOC106569689
,,,,FUS,rs15
,,,,FXR1,LOC106569359
,,,,G3BP2,LOC106569255
,,,,GALK1,LOC100136504
,,,,GALM,rab2a
,,,,GALNTL6,LOC106568905
,,,,GAMT,LOC106569608
,,,,GANAB,LOC106613149
,,,,GAPDH,LOC106595984
,,,,GAPDHS,LOC106569895
,,,,GAPVD1,LOC106590083
,,,,GARS,LOC106609053
,,,,GBE1,kpra
,,,,GC,kad
,,,,GCAT,LOC106568580
,,,,GCDH,LOC106604178
,,,,GCLM,np1l1
,,,,GCSH,LOC106587935
,,,,GDI1,c1ql2
,,,,GDI2,LOC106593100
,,,,GGA1,LOC100136354
,,,,GHDC,LOC106601877
,,,,GLG1,LOC106562456
,,,,GLO1,LOC106572754
,,,,GLRX,apex1
,,,,GLRX3,LOC106594692
,,,,GLUD1,LOC106606699
,,,,GLUL,mtap
,,,,GMPR,LOC106596000
,,,,GMPR2,LOC106601802
,,,,GNAS,psmc2
,,,,GNB1,LOC106601744
,,,,GNB2,LOC106585385
,,,,GNPDA1,LOC106610322
,,,,GOLGA3,LOC106602047
,,,,GOT1,LOC106602332
,,,,GOT2,ipo5
,,,,GPD1,taldo
,,,,GPD1L,LOC106585420
,,,,GPD2,pmpcb
,,,,GPHN,LOC106582185
,,,,GPI,rd23a
,,,,GPS1,LOC106579759
,,,,GPT,LOC106610596
,,,,GPX1,LOC106572679
,,,,GPX3,LOC106567051
,,,,GPX4,fsd2
,,,,GRB2,LOC106587817
,,,,GRHPR,LOC106608508
,,,,GRPEL1,psd10
,,,,GSPT1,LOC106603948
,,,,GSPT2,LOC106601579
,,,,GSTK1,LOC106605558
,,,,GSTM1,LOC106596259
,,,,GSTO1,rpl3l
,,,,GSTP1,LOC106576396
,,,,GSTZ1,LOC106593495
,,,,GTF3A,nduc2
,,,,GTPBP8,snd1
,,,,GUCY2C,LOC106609652
,,,,GYG1,LOC106609240
,,,,GYS1,cct7
,,,,H1F0,LOC106569723
,,,,H2AFV,rl37a
,,,,H6PD,pmm2
,,,,HACD1,LOC100194649
,,,,HADH,LOC106609570
,,,,HADHA,LOC106585571
,,,,HADHB,ndufs2
,,,,HAGH,LOC106608729
,,,,HBA,LOC100380717
,,,,HBB,LOC106604229
,,,,HBS1L,lmnb2
,,,,HDGF,LOC106578327
,,,,HDHD5,LOC106575427
,,,,HHATL,hnrh1
,,,,HIBADH,LOC106574979
,,,,HIF1AN,LOC106574979
,,,,HINT1,LOC106574979
,,,,HIST1H1E,LOC106587004
,,,,HIST1H2BJ,LOC106607642
,,,,HK2,LOC106606491
,,,,HLF,LOC106585259
,,,,HMGCL,dnpep
,,,,HNRNPA1,LOC106595636
,,,,HNRNPA2B1,LOC106584973
,,,,HNRNPA3,LOC106604042
,,,,HNRNPAB,LOC106604203
,,,,HNRNPC,xpnpep1
,,,,HNRNPD,LOC106583744
,,,,HNRNPH1,LOC106586883
,,,,HNRNPH3,leg
,,,,HNRNPK,ndufv2
,,,,HNRNPM,LOC106608253
,,,,HNRNPU,LOC106608253
,,,,HNRNPUL2,LOC106562627
,,,,HOMER1,LOC106581604
,,,,HP,LOC106608629
,,,,HP1BP3,LOC106594204
,,,,HPX,nnmt
,,,,HRC,LOC106578758
,,,,HRG,psmd8
,,,,HSCB,LOC106613377
,,,,HSD17B10,LOC106568363
,,,,HSD17B12,LOC106608259
,,,,HSD17B4,LOC106585052
,,,,HSD3B7,LOC106575630
,,,,HSDL2,rpl6
,,,,HSP90AA1,uba1
,,,,HSP90AB1,LOC106590672
,,,,HSP90B1,LOC106587490
,,,,HSPA1B,sync
,,,,HSPA4,pdhb
,,,,HSPA5,LOC106585072
,,,,HSPA6,nit2
,,,,HSPA8,LOC106581675
,,,,HSPA9,rab10
,,,,HSPB1,LOC106589258
,,,,HSPB2,LOC106585996
,,,,HSPB6,LOC106585996
,,,,HSPB7,LOC106562504
,,,,HSPB8,vapa
,,,,HSPBP1,LOC106577517
,,,,HSPD1,ranbp1
,,,,HSPE1,LOC106566202
,,,,HSPG2,psmb6
,,,,HTATSF1,nrap
,,,,HUMMLC2B,nrap
,,,,HYI,LOC106604157
,,,,IAH1,crj1a
,,,,IARS,LOC106594613
,,,,ICA,LOC106585106
,,,,IDE,kiaa1191
,,,,IDH1,LOC106575044
,,,,IDH2,ndua4
,,,,IDH3A,LOC106595761
,,,,IDH3B,LOC106578050
,,,,IDH3G,LOC106571102
,,,,IFI44,LOC106585134
,,,,IGBP1,tba
,,,,IGFN1,LOC106608082
,,,,IGHA1,LOC106575818
,,,,IGHG2,acadl
,,,,IGHG4,LOC106568267
,,,,IGHV3-23,LOC106568273
,,,,IGKV1D-13,LOC106569426
,,,,IGKV2D,prph
,,,,IGKV2D-28,LOC106560588
,,,,IGL,LOC106560589
,,,,IGLV8-6,cp
,,,,IHGHG4,LOC106606656
,,,,IL6ST,LOC106591396
,,,,ILF2,mccc2
,,,,ILF3,rl23a
,,,,ILK,syfb
,,,,IMMT,gmpr
,,,,IMPA1,LOC106608299
,,,,IMPA2,LOC106582488
,,,,IMPDH2,LOC106570866
,,,,INPPL1,co7
,,,,INTS2,LOC106572905
,,,,IPO5,LOC106606054
,,,,IRS1,LOC106613338
,,,,ISOC1,LOC106608433
,,,,ISOC2,txnl1
,,,,ISPD,LOC106568532
,,,,IST1,gsta
,,,,ITGA7,LOC106560654
,,,,ITGA9,LOC106583751
,,,,ITGB1,LOC106593159
,,,,ITGB6,LOC106574468
,,,,ITIH4,LOC106602956
,,,,IVD,LOC106589992
,,,,JAGN1,gars
,,,,JPH1,ar6p1
,,,,JPH2,LOC106607563
,,,,JSRP1,ndub7
,,,,KARS,LOC106597294
,,,,KCTD12,LOC106597294
,,,,KHSRP,tkt
,,,,KIAA0368,LOC106610839
,,,,KIAA1147,tcpb
,,,,KIF14,LOC106588035
,,,,KIF22,LOC106566383
,,,,KIF5B,rs15a
,,,,KLC1,LOC106611479
,,,,KLHL31,LOC106583805
,,,,KLHL40,hspb2
,,,,KLHL41,LOC106604072
,,,,KPNA1,LOC106588038
,,,,KPNA3,LOC106604042
,,,,KPNA4,LOC106573846
,,,,KPNB1,LOC106578147
,,,,KRBA2,LOC106608137
,,,,KRT18,LOC106594244
,,,,KTN1,LOC106578240
,,,,KYAT3,LOC106592041
,,,,L2HGDH,hsd17b10
,,,,L3HYPDH,LOC106587620
,,,,LAMA2,LOC106606010
,,,,LAMA4,anxa5
,,,,LAMA5,LOC100286703
,,,,LAMB1,LOC106587886
,,,,LAMB2,LOC106571102
,,,,LAMC1,LOC100194689
,,,,LAMTOR1,acad9
,,,,LANCL1,itih2
,,,,LANCL2,LOC106564263
,,,,LAP3,dhso
,,,,LASP1,mars
,,,,LDB3,bckdha
,,,,LDHA,apip
,,,,LDHB,LOC106591200
,,,,LDHD,hsp10
,,,,LETM1,LOC106611334
,,,,LGALS1,LOC106587211
,,,,LGALS2,tgfbi
,,,,LGALSL,LOC100136579
,,,,LIMS1,LOC100136486
,,,,LIN7C,LOC106591197
,,,,LINGO1,LOC106571102
,,,,LMAN1,LOC100380865
,,,,LMAN2,LOC106608584
,,,,LMCD1,LOC106593163
,,,,LMNA,LOC106574715
,,,,LMNB1,LOC106566534
,,,,LMNB2,LOC106564268
,,,,LMO7,LOC106588037
,,,,LMOD1,LOC106596655
,,,,LMOD2,ptrf
,,,,LMOD3,LOC106567279
,,,,LNPK,LOC106572604
,,,,LOC100156977,LOC106562495
,,,,LOC100157017,LOC106587404
,,,,LOC100511652,LOC106587557
,,,,LOC100515533,nduab
,,,,LOC100520329,LOC106577035
,,,,LOC100522130,polr2h
,,,,LOC100522678,psmd1
,,,,LOC100622246,LOC106564746
,,,,LOC100625207,antithrombin
,,,,LOC100626015,mepd
,,,,LOC100736982,LOC100194656
,,,,LOC100738684,LOC106564961
,,,,LOC102159347,LOC100194687
,,,,LOC102162205,LOC106573862
,,,,LOC102165484,LOC106587813
,,,,LOC106504545,LOC106573542
,,,,LOC106504547,LOC106573547
,,,,LOC110259216,LOC106573597
,,,,LOC110260088,LOC106564948
,,,,LOC396685,LOC106564944
,,,,LOC780435,LOC106560825
,,,,LONP1,LOC106573756
,,,,LRBA,plin1
,,,,LRPAP1,LOC106588090
,,,,LRPPRC,p4hb
,,,,LRRC14,fkbp4
,,,,LRRC20,LOC106573423
,,,,LRRC40,LOC106573416
,,,,LRRC57,LOC100194665
,,,,LSM4,LOC106573179
,,,,LTA4H,LOC106573192
,,,,LTF,psd12
,,,,LYPLA1,capza2
,,,,LYPLA2,LOC106573080
,,,,LZIC,LOC106573065
,,,,MACROD1,LOC106573039
,,,,MAGI3,LOC100196663
,,,,MAN2A2,LOC106576878
,,,,MANF,LOC106576835
,,,,MAOB,mypn
,,,,MAP1B,LOC100194723
,,,,MAP2K1,LOC106576754
,,,,MAP2K2,apmap
,,,,MAP2K3,pygb
,,,,MAP2K4,LOC106576703
,,,,MAP2K6,LOC106564830
,,,,MAP3K20,LOC106564824
,,,,MAP3K7CL,LOC106577144
,,,,MAP4,LOC106577118
,,,,MAP4K4,rtn4
,,,,MAP7D1,LOC100380625
,,,,MAPK1,ppa1
,,,,MAPK12,LOC106577216
,,,,MAPK14,LOC106577200
,,,,MAPK3,LOC106583520
,,,,MAPKAPK3,LOC106575321
,,,,MAPRE1,LOC106575303
,,,,MAPRE3,LOC106575298
,,,,MAPT,LOC106574437
,,,,MARC2,hdd1a
,,,,MARCKS,cbr1
,,,,MARS,mtx2
,,,,MAT2A,LOC106582630
,,,,MB,bdh2
,,,,MBF1,if6
,,,,MBNL1,LOC106582652
,,,,MCCC1,LOC106565035
,,,,MCU,LOC106582659
,,,,MDGA1,LOC106582661
,,,,MDH1,LOC106566032
,,,,MDH2,LOC106582735
,,,,MDN1,LOC106582767
,,,,ME1,LOC106582800
,,,,MEMO1,LOC106565032
,,,,MESD,LOC106582837
,,,,METAP1,ywhaz
,,,,METTL7A,LOC106582918
,,,,MFAP2,vamp3
,,,,MFAP5,LOC106565058
,,,,MFN2,LOC106583067
,,,,MFSD10,LOC106566059
,,,,MGEA5,LOC106565076
,,,,MICU1,npepl1
,,,,MIF,LOC106583348
,,,,MLC-2V,LOC106565072
,,,,MLEC,LOC106565377
,,,,MLIP,cav3
,,,,MOB1A,LOC106583413
,,,,MOGAT1,tgm2
,,,,MPDU1,LOC106583606
,,,,MPI,LOC100380867
,,,,MPZ,LOC106583638
,,,,MRI1,aspn
,,,,MRPL22,LOC106565239
,,,,MRPS36,LOC106569817
,,,,MSN,LOC106565229
,,,,MT-ATP6,chchd6
,,,,MT-ND2,LOC106567819
,,,,MT-ND3,LOC106565198
,,,,MTCH2,LOC106600960
,,,,MTDH,LOC106568513
,,,,MTM1,LOC106568384
,,,,MTOR,c9
,,,,MTPN,hnrpdl
,,,,MTR,LOC106568136
,,,,MUT,nop56
,,,,MYBPC1,LOC106568146
,,,,MYBPC2,aifm1
,,,,MYBPH,LOC106567791
,,,,MYH1,rab6a
,,,,MYH11,prps1
,,,,MYH14,LOC106567928
,,,,MYH16,LOC106568002
,,,,MYH2,LOC106568011
,,,,MYH3,LOC106568026
,,,,MYH4,slc25a20
,,,,MYH7,capns1
,,,,MYH8,LOC106567523
,,,,MYH9,LOC106567513
,,,,MYL1,LOC106567497
,,,,MYL10,lars
,,,,MYL3,LOC106567415
,,,,MYL5,LOC106567406
,,,,MYL6,143g1
,,,,MYL6B,atp2a1
,,,,MYLK,LOC100196684
,,,,MYLK2,LOC106600933
,,,,MYLPF,prva
,,,,MYO18A,LOC106600892
,,,,MYO1C,LOC106600884
,,,,MYOC,LOC106600852
,,,,MYOM1,LOC106600802
,,,,MYOM2,LOC106600794
,,,,MYOM3,rl19
,,,,MYOT,LOC106600993
,,,,MYOZ1,LOC106607299
,,,,MYOZ2,LOC106601113
,,,,MYOZ3,LOC106607372
,,,,MYPN,hbb1
,,,,MYZAP,LOC106601076
,,,,NAA10,LOC106586974
,,,,NACA,LOC106601351
,,,,NAMPT,syfa
,,,,NAP1L1,ddx39
,,,,NAP1L4,LOC106601336
,,,,NAPA,LOC106601422
,,,,NAPG,LOC106565361
,,,,NARS,LOC106599102
,,,,NAXE,LOC106599102
,,,,NCK2,LOC106598511
,,,,NCLN,sias
,,,,NDRG2,LOC106565400
,,,,NDUFA10,pdli3
,,,,NDUFA11,LOC106610028
,,,,NDUFA12,LOC106603767
,,,,NDUFA13,LOC106602627
,,,,NDUFA2,rnpep
,,,,NDUFA3,LOC106565421
,,,,NDUFA4,klc1
,,,,NDUFA5,LOC106594233
,,,,NDUFA7,LOC106588404
,,,,NDUFA8,LOC106587081
,,,,NDUFA9,mthfd1
,,,,NDUFB10,1433b
,,,,NDUFB11,LOC106564860
,,,,NDUFB3,wars
,,,,NDUFB4,LOC106608228
,,,,NDUFB5,LOC106603506
,,,,NDUFB6,sptbn5
,,,,NDUFB7,LOC106570833
,,,,NDUFB8,LOC106563120
,,,,NDUFB9,LOC106562343
,,,,NDUFC2,LOC106563522
,,,,NDUFS1,mthfsd
,,,,NDUFS2,tbb3
,,,,NDUFS3,LOC106587187
,,,,NDUFS4,LOC106562120
,,,,NDUFS6,eif3j
,,,,NDUFS7,LOC100196237
,,,,NDUFS8,LOC106562063
,,,,NDUFV1,gpt2
,,,,NDUFV2,LOC106561896
,,,,NDUFV3,gnmt
,,,,NEB,LOC106565538
,,,,NEDD4L,LOC106580094
,,,,NEDD8,LOC106580079
,,,,NEK7,LOC106580072
,,,,NENF,LOC106580039
,,,,NES,LOC106579982
,,,,NEXN,LOC106579947
,,,,NFI,LOC106579903
,,,,NFU1,pfdn5
,,,,NHLRC2,nefl
,,,,NID1,LOC106579849
,,,,NID2,LOC106580382
,,,,NIPSNAP2,LOC106580341
,,,,NIPSNAP3B,vdac3
,,,,NIT1,LOC106580435
,,,,NIT2,LOC106580446
,,,,NME2,sdhb
,,,,NME3,mfap2
,,,,NNT,LOC106580620
,,,,NOL3,LOC106579794
,,,,NONO,LOC106570802
,,,,NPEPL1,LOC106570810
,,,,NPEPPS,LOC106609404
,,,,NPLOC4,nduac
,,,,NRAP,LOC106609223
,,,,NRAS,LOC100194670
,,,,NRBP1,LOC106610576
,,,,NSFL1C,mybpc1
,,,,NT5C3A,LOC106609353
,,,,NTPCR,LOC106609324
,,,,NUDCD2,LOC106609325
,,,,NUDCD3,LOC106609227
,,,,NUDT12,LOC106609240
,,,,NUTF2,LOC100286412
,,,,OARD1,lkha4
,,,,OBSCN,LOC100194554
,,,,OGDH,LOC106608940
,,,,OGN,LOC106609058
,,,,OLA1,pfd3
,,,,OLFML1,LOC106608893
,,,,OPA1,LOC106608863
,,,,OPTN,LOC106608855
,,,,ORM1,LOC106565847
,,,,OSBP,plin2
,,,,OSBPL8,LOC106608595
,,,,OSBPL9,LOC106608596
,,,,OSTC,LOC106608589
,,,,OXCT1,LOC106565822
,,,,OXSR1,hsp11
,,,,P4HB,LOC106584850
,,,,PA2G4,LOC106584651
,,,,PACSIN3,LOC106561070
,,,,PAFAH1B1,LOC106584550
,,,,PAK2,tnni2
,,,,PALLD,LOC100136569
,,,,PARK7,LOC106584523
,,,,PBDC1,LOC100194658
,,,,PBXIP1,m6pbp
,,,,PCBP1,LOC106584303
,,,,PCBP2,LOC106584300
,,,,PCMT1,LOC106584278
,,,,PCOLCE,prkaa2
,,,,PCYOX1,LOC106584153
,,,,PCYT1A,LOC106584171
,,,,PDAP1,phb2
,,,,PDCD5,LOC106583952
,,,,PDCD6IP,aldoa
,,,,PDCL3,LOC106579201
,,,,PDHA1,LOC106583923
,,,,PDHB,LOC106565722
,,,,PDHX,psd3
,,,,PDI-P5,LOC106607494
,,,,PDIA3,LOC106600817
,,,,PDIA4,LOC106607262
,,,,PDLIM1,LOC106607299
,,,,PDLIM3,LOC106601132
,,,,PDLIM5,LOC100136576
,,,,PDLIM7,LOC106607371
,,,,PDP1,LOC106607383
,,,,PEBP1,LOC100136576
,,,,PELO,LOC106601076
,,,,PEPD,LOC106607209
,,,,PEX19,LOC106607164
,,,,PFDN2,ndufa6
,,,,PFKM,gcat
,,,,PFN2,LOC106601397
,,,,PGAM1,ret7
,,,,PGAM2,rl3
,,,,PGD,bcat1
,,,,PGK1,bcat1
,,,,PGK2,LOC106606889
,,,,PGLS,elob
,,,,PGM1,LOC106608453
,,,,PGM2L1,LOC106590610
,,,,PGM3,rl22l
,,,,PGM5,LOC106590523
,,,,PGP,abhd10
,,,,PGRMC2,LOC100194727
,,,,PHB,LOC106590366
,,,,PHB2,ipo4
,,,,PHKA1,LOC106590268
,,,,PHKA2,LOC106590274
,,,,PHKB,LOC106566016
,,,,PHKG1,LOC106566016
,,,,PHOSPHO1,LOC106590292
,,,,PHPT1,psme2
,,,,PHYH,LOC106566014
,,,,PHYHD1,rs23
,,,,PIGR,npm3
,,,,PIP4K2B,cutc
,,,,PITHD1,eif3a
,,,,PITPNA,prdx3
,,,,PITPNB,apmap
,,,,PKM,LOC106606220
,,,,PKN2,LOC106606232
,,,,PKP1,LOC106576681
,,,,PLAA,LOC106606853
,,,,PLCD4,LOC106607006
,,,,PLCH1,LOC106607666
,,,,PLCL1,LOC106608805
,,,,PLCL2,LOC100380671
,,,,PLEC,LOC106577218
,,,,PLEKHF1,LOC106608436
,,,,PLG,LOC106613295
,,,,PLGRKT,cssa12h12orf10
,,,,PLIN1,LOC106613069
,,,,PLIN4,LOC106583613
,,,,PLN,LOC106611737
,,,,PLPP7,LOC106611643
,,,,PLSCR3,LOC106613470
,,,,PMM2,acad9
,,,,PNPO,LOC106609344
,,,,POLQ,LOC106609864
,,,,POLR2A,LOC106609875
,,,,PPA2,LOC106609984
,,,,PPFIA2,LOC106609990
,,,,PPIA,rpl38
,,,,PPIB,psmb1
,,,,PPID,LOC106590247
,,,,PPIF,LOC106571441
,,,,PPIL1,LOC106571453
,,,,PPM1B,LOC106602736
,,,,PPME1,kcrb
,,,,PPP1CB,LOC106571168
,,,,PPP1CC,LOC106571177
,,,,PPP1R12B,can3
,,,,PPP1R14C,hsp90ab1
,,,,PPP1R1A,LOC106571252
,,,,PPP1R2,LOC106571269
,,,,PPP1R27,marcs
,,,,PPP1R3A,LOC106571303
,,,,PPP1R7,LOC100194672
,,,,PPP2CA,LOC106571434
,,,,PPP2CB,LOC106577531
,,,,PPP2R1A,LOC106571703
,,,,PPP2R2A,LOC106571686
,,,,PPP2R5A,LOC106571571
,,,,PPP3CA,fkbp1b
,,,,PPP3CB,LOC106602804
,,,,PPP3R1,acsl1
,,,,PPP5C,myoz2
,,,,PRDX1,LOC106602754
,,,,PRDX2,LOC106602769
,,,,PRDX3,LOC106602694
,,,,PRDX4,LOC106602564
,,,,PRDX5,LOC106602580
,,,,PRDX6,LOC106609900
,,,,PRELP,LOC106602389
,,,,PREP,LOC106608253
,,,,PRKAA2,LOC106571140
,,,,PRKAB2,telt
,,,,PRKACA,LOC106577531
,,,,PRKACB,LOC106605534
,,,,PRKAG1,LOC106579857
,,,,PRKAG3,fbrl
,,,,PRKAR1A,LOC106578507
,,,,PRKAR2A,LOC106605545
,,,,PRKCSH,LOC106605407
,,,,PRMT1,decr1
,,,,PRMT5,LOC106605311
,,,,PROB1,LOC106582123
,,,,PROC,LOC106582155
,,,,PRPS2,LOC106604987
,,,,PRRX1,ubp5
,,,,PRUNE1,LOC106605087
,,,,PSAP,LOC106583613
,,,,PSMA1,LOC106613487
,,,,PSMA2,LOC106613496
,,,,PSMA3,LOC106613499
,,,,PSMA4,LOC106613544
,,,,PSMA5,LOC106613566
,,,,PSMA6,LOC106613587
,,,,PSMA7,LOC106613594
,,,,PSMB1,LOC106613600
,,,,PSMB3,LOC100194657
,,,,PSMB4,ndufa7
,,,,PSMB5,LOC106613684
,,,,PSMB6,LOC106613685
,,,,PSMB7,tpm4
,,,,PSMC1,hnrpm
,,,,PSMC2,LOC106613766
,,,,PSMC3,LOC106586209
,,,,PSMC4,LOC106613944
,,,,PSMC5,LOC100194696
,,,,PSMC6,LOC106560322
,,,,PSMD1,rpl5
,,,,PSMD10,cpt2
,,,,PSMD11,aldh9a1
,,,,PSMD12,LOC106578169
,,,,PSMD13,hdlbp
,,,,PSMD14,LOC106570571
,,,,PSMD2,LOC106570403
,,,,PSMD3,LOC106570323
,,,,PSMD4,LOC106570297
,,,,PSMD5,LOC106569942
,,,,PSMD6,LOC106569985
,,,,PSMD7,LOC106570014
,,,,PSME1,LOC100136485
,,,,PSME4,cap1
,,,,PTER,psmb2
,,,,PTGES2,cav3
,,,,PTGES3,LOC106570068
,,,,PTGR2,rpl28
,,,,PTP4A2,LOC106569776
,,,,PTPA,LOC106570109
,,,,PTRH2,nid2
,,,,PUF60,LOC106610677
,,,,PURB,LOC106610773
,,,,PVALB,LOC106610816
,,,,PYGB,LOC100194557
,,,,PYGM,dlst
,,,,QARS,ktn1
,,,,QDPR,LOC106598511
,,,,RAB10,kcrt
,,,,RAB11B,ampm1
,,,,RAB12,LOC106611176
,,,,RAB17,LOC106611239
,,,,RAB18,LOC106611360
,,,,RAB1B,LOC106611412
,,,,RAB2A,LOC106611459
,,,,RAB5B,LOC106570470
,,,,RAB5C,LOC106570048
,,,,RAB6B,LOC106611276
,,,,RAB7A,LOC106570330
,,,,RABGGTA,polr2i
,,,,RABGGTB,hprt1
,,,,RAC1,LOC106612036
,,,,RACK1,LOC106612015
,,,,RAD23A,LOC106604950
,,,,RAD23B,LOC106611889
,,,,RALA,ube2k
,,,,RALGAPA2,LOC106611699
,,,,RAN,LOC106611720
,,,,RANGRF,LOC106611749
,,,,RAP1A,LOC106611761
,,,,RAP1B,LOC106611772
,,,,RARS,ran1
,,,,RAVER2,LOC106611615
,,,,RBL2,canx
,,,,RBM19,LOC106611557
,,,,RBMX,LOC106611536
,,,,RBP4,LOC106611535
,,,,RCC1,LOC106611510
,,,,RCN2,LOC106612458
,,,,RDH14,rtn2
,,,,RDX,LOC106580742
,,,,REEP1,blmh
,,,,REEP5,prss16
,,,,RGN,ech1
,,,,RHOA,LOC106580921
,,,,RILPL2,LOC106580921
,,,,RNF123,sbp1
,,,,RNH1,LOC106581053
,,,,RPL10,LOC106581057
,,,,RPL10A,LOC106581123
,,,,RPL11,LOC100194679
,,,,RPL12,psmd2
,,,,RPL13,LOC106577172
,,,,RPL14,LOC106577953
,,,,RPL17-C18orf32,LOC106577998
,,,,RPL18,pfdn2
,,,,RPL18A,LOC106577621
,,,,RPL19,LOC106608612
,,,,RPL22,LOC106608632
,,,,RPL23,LOC106577582
,,,,RPL23A,ybx2a
,,,,RPL24,LOC106577533
,,,,RPL27,rtn3
,,,,RPL27A,LOC106574334
,,,,RPL28,LOC106575097
,,,,RPL29,psde
,,,,RPL3,LOC106577517
,,,,RPL30,LOC106608584
,,,,RPL31,LOC106578208
,,,,RPL32,LOC106572718
,,,,RPL34,LOC106588994
,,,,RPL3L,LOC106588967
,,,,RPL4,col1a2
,,,,RPL5,LOC106570533
,,,,RPL6,LOC106588813
,,,,RPL7,LOC106570608
,,,,RPL7A,LOC106577739
,,,,RPL9,rl14
,,,,RPLP0,LOC106588702
,,,,RPLP1,rpl15
,,,,RPLP2,LOC106588620
,,,,RPN1,LOC106570192
,,,,RPN2,LOC106588296
,,,,RPS10,LOC106588338
,,,,RPS11,ndufb9
,,,,RPS12,tbb5
,,,,RPS13,LOC106588432
,,,,RPS14,LOC106588463
,,,,RPS15,sfpq
,,,,RPS16,LOC106588490
,,,,RPS18,LOC106588233
,,,,RPS19,LOC106570097
,,,,RPS2,LOC106588170
,,,,RPS20,LOC106588156
,,,,RPS21,LOC106566669
,,,,RPS23,LOC106571950
,,,,RPS25,chdh
,,,,RPS27A,LOC106572271
,,,,RPS28,LOC106566786
,,,,RPS3,LOC106572248
,,,,RPS3A,LOC106572208
,,,,RPS4X,mfn2
,,,,RPS5,LOC106572114
,,,,RPS6,LOC106572101
,,,,RPS6KA3,myh7b
,,,,RPS7,gss
,,,,RPS8,tardbp
,,,,RPS9,pgd
,,,,RPSA,LOC106572042
,,,,RRAD,LOC106572011
,,,,RRAS,LOC106580339
,,,,RRAS2,LOC106571990
,,,,RSBN1,LOC106572422
,,,,RSPO3,LOC106572415
,,,,RSU1,LOC106572402
,,,,RTCA,mare1
,,,,RTCB,LOC100380784
,,,,RTN2,agmat
,,,,RTN4,LOC100194719
,,,,RUFY1,LOC106572585
,,,,RUVBL1,ssrd
,,,,RWDD4,LOC106572792
,,,,RYR1,p38b
,,,,RYR2,LOC106572750
,,,,S100A10,LOC106572756
,,,,S100A13,LOC106572839
,,,,SAMM50,LOC106572892
,,,,SAR1B,matn1
,,,,SARS,LOC106580659
,,,,SBDS,LOC106590085
,,,,SCCPDH,LOC106578586
,,,,SCN3A,rbm8a
,,,,SCN4A,rtn2
,,,,SCP2,calm2
,,,,SCRN2,LOC106612682
,,,,SCRN3,LOC106612633
,,,,SDAD1,LOC106603705
,,,,SDHA,LOC106612607
,,,,SDHB,LOC106612601
,,,,SDHC,kpna4
,,,,SEC22B,LOC106612898
,,,,SEC23A,LOC106612876
,,,,SEC61B,LOC106612802
,,,,SEC63,LOC106613013
,,,,SELENBP1,LOC106613169
,,,,SELENOH,LOC106578695
,,,,SELENOO,LOC100136922
,,,,SELENOW,LOC106612603
,,,,SEPT2,LOC106580937
,,,,SERBP1,LOC106579628
,,,,SERPINA1,LOC106579598
,,,,SERPINA3-2,LOC106579549
,,,,SERPINB1,LOC106579522
,,,,SERPINB6,LOC106579446
,,,,SERPINC1,if2g
,,,,SERPIND1,LOC106579463
,,,,SERPINE2,LOC106604987
,,,,SERPINH1,LOC106578509
,,,,SETD3,rsu1
,,,,SETD7,avr3
,,,,SFPQ,LOC106583425
,,,,SGCA,LOC106604189
,,,,SGCB,LOC106609561
,,,,SGCD,LOC106576319
,,,,SGCG,LOC106576237
,,,,SGPL1,atp5c1
,,,,SGTA,LOC106609299
,,,,SH3BGR,
,,,,SH3GLB1,
,,,,SIRT5,
,,,,SKP1,
,,,,SLA-3,
,,,,SLA-DRB1,
,,,,SLC16A1,
,,,,SLC25A11,
,,,,SLC25A12,
,,,,SLC25A13,
,,,,SLC25A20,
,,,,SLC25A3,
,,,,SLC25A4,
,,,,SLC25A46,
,,,,SLC25A6,
,,,,SLC36A2,
,,,,SLC37A4,
,,,,SLC3A2,
,,,,SLC41A3,
,,,,SLC44A2,
,,,,SLC4A1,
,,,,SLC8A3,
,,,,SLMAP,
,,,,SLU7,
,,,,SMPDL3B,
,,,,SMS,
,,,,SMTNL1,
,,,,SMTNL2,
,,,,SMYD1,
,,,,SNAP23,
,,,,SNRPD1,
,,,,SNRPD2,
,,,,SNRPD3,
,,,,SNTA1,
,,,,SNTB1,
,,,,SNTB2,
,,,,SNX12,
,,,,SNX3,
,,,,SNX5,
,,,,SOD1,
,,,,SOD2,
,,,,SOD3,
,,,,SORBS1,
,,,,SPEG,
,,,,SPR,
,,,,SPTAN1,
,,,,SPTB,
,,,,SPTBN1,
,,,,SRA1,
,,,,SRGAP1,
,,,,SRL,
,,,,SRSF1,
,,,,SRSF4,
,,,,ST13,
,,,,STAC3,
,,,,STAMBP,
,,,,STAT5B,
,,,,STIM1,
,,,,STIP1,
,,,,STOM,
,,,,STOML2,
,,,,STRAP,
,,,,STT3B,
,,,,STUB1,
,,,,STX4,
,,,,SUCLA2,
,,,,SUCLG1,
,,,,SUCLG2,
,,,,SUGT1,
,,,,SUMO2,
,,,,SUN2,
,,,,SURF1,
,,,,SVIL,
,,,,SWAP70,
,,,,SYNCRIP,
,,,,SYNE2,
,,,,SYNJ2BP,
,,,,SYNM,
,,,,SYNPO,
,,,,SYNPO2,
,,,,SYNPO2L,
,,,,SYPL1,
,,,,SYPL2,
,,,,SZRD1,
,,,,TAGLN,
,,,,TAGLN2,
,,,,TALDO1,
,,,,TARS,
,,,,TBC1D1,
,,,,TBCA,
,,,,TBCC,
,,,,TCAIM,
,,,,TCAP,
,,,,TCP1,
,,,,TECR,
,,,,TERB1,
,,,,TF,
,,,,TFG,
,,,,TGFBI,
,,,,TGM2,
,,,,THBS4,
,,,,THNSL2,
,,,,THOP1,
,,,,THY1,
,,,,TIGD7,
,,,,TIMM13,
,,,,TIMM8A,
,,,,TIMM9,
,,,,TIPRL,
,,,,TKFC,
,,,,TLN1,
,,,,TLN2,
,,,,TLX1,
,,,,TMBIM6,
,,,,TMCO1,
,,,,TMED10,
,,,,TMED2,
,,,,TMEM109,
,,,,TMEM132C,
,,,,TMEM156,
,,,,TMEM263,
,,,,TMEM37,
,,,,TMEM38A,
,,,,TMEM38B,
,,,,TMOD1,
,,,,TMOD3,
,,,,TMOD4,
,,,,TMPO,
,,,,TMTC2,
,,,,TMX3,
,,,,TNFRSF6,
,,,,TNNC1,
,,,,TNNC2,
,,,,TNNI1,
,,,,TNNI2,
,,,,TNNT1,
,,,,TNNT3,
,,,,TNPO1,
,,,,TNS1,
,,,,TNXB,
,,,,TOLLIP,
,,,,TOMM22,
,,,,TOMM40,
,,,,TOMM40L,
,,,,TOMM70,
,,,,TOR1AIP2,
,,,,TPD52L2,
,,,,TPH2,
,,,,TPI1,
,,,,TPK1,
,,,,TPM1,
,,,,TPM2,
,,,,TPM3,
,,,,TPP2,
,,,,TPR,
,,,,TPT1,
,,,,TRDN,
,,,,TRIM33,
,,,,TRIM54,
,,,,TRIM72,
,,,,TRIP10,
,,,,TRNT1,
,,,,TROVE2,
,,,,TSC22D2,
,,,,TSPOAP1,
,,,,TST,
,,,,TTC38,
,,,,TTC9,
,,,,TTN,
,,,,TTR,
,,,,TUBA1B,
,,,,TUBA4A,
,,,,TUBA8,
,,,,TUBB,
,,,,TUBB3,
,,,,TUBB4B,
,,,,TUFM,
,,,,TWF2,
,,,,TXLNB,
,,,,TXN,
,,,,TXNDC12,
,,,,TXNDC17,
,,,,TXNL1,
,,,,TXNL4A,
,,,,TXNRD1,
,,,,UAP1L1,
,,,,UBA1,
,,,,UBA3,
,,,,UBAC1,
,,,,UBE2D1,
,,,,UBE2D3,
,,,,UBE2G1,
,,,,UBE2I,
,,,,UBE2K,
,,,,UBE2L3,
,,,,UBE2M,
,,,,UBE2N,
,,,,UBE2O,
,,,,UBE2V1,
,,,,UBE2V2,
,,,,UBE3A,
,,,,UBE3C,
,,,,UBL5,
,,,,UBQLN1,
,,,,UBR3,
,,,,UBXN1,
,,,,UCHL1,
,,,,UCHL3,
,,,,UFD1,
,,,,UFM1,
,,,,UGGT1,
,,,,UGP2,
,,,,UGPP,
,,,,UHRF2,
,,,,UNC45B,
,,,,UQCR10,
,,,,UQCRB,
,,,,UQCRC1,
,,,,UQCRC2,
,,,,UQCRH,
,,,,UQCRQ,
,,,,URAD,
,,,,URI1,
,,,,USMG5,
,,,,USO1,
,,,,USP14,
,,,,USP15,
,,,,USP24,
,,,,USP47,
,,,,USP5,
,,,,VAMP3,
,,,,VAPA,
,,,,VAPB,
,,,,VARS,
,,,,VBP1,
,,,,VCL,
,,,,VCP,
,,,,VDAC1,
,,,,VDAC2,
,,,,VDAC3,
,,,,VIM,
,,,,VKORC1L1,
,,,,VMP1,
,,,,VPS25,
,,,,VPS26B,
,,,,VPS28,
,,,,VPS29,
,,,,VPS35,
,,,,VPS4A,
,,,,VTN,
,,,,VWA1,
,,,,WARS,
,,,,WDR1,
,,,,WNT5B,
,,,,XIRP2,
,,,,XPNPEP1,
,,,,XPO1,
,,,,YARS,
,,,,YBX3,
,,,,YKT6,
,,,,YWHAB,
,,,,YWHAE,
,,,,YWHAG,
,,,,YWHAH,
,,,,YWHAQ,
,,,,YWHAZ,
,,,,ZDHHC4,
,,,,ZNF286A,
,,,,ZNF345,
,,,,ZNF501,
,,,,ZNF567,
