Final,Length (aa)
AAAAAPAK,8
ADARMYGV,8
ADGKKIDG,8
AFDKHMNL,8
AFGLAIGT,8
AGRAREYV,8
AHRPPSPA,8
AIALREYR,8
AICSQCSD,8
AKAKAKAK,8
AKSPEKAK,8
ALFAPRDP,8
ALLRNLGK,8
ALREYRKK,8
AMPPQQLM,8
APPDDGPP,8
AQPHSRPY,8
ARVEHPFR,8
ASFEPFSN,8
ASTDYYKR,8
ATKKAVQG,8
ATPPPGIM,8
AVNLIFPR,8
CDEFRKIK,8
CETNTGEV,8
CFGDSGGP,8
CIPKTFWN,8
CKNKEKKC,8
DAAIVDMV,8
DAFRVNVI,8
DAFTIKTV,8
DAGLGKLI,8
DAHAIWHI,8
DAHLTWEV,8
DAIRTSEI,8
DAKFILQI,8
DALEIETV,8
DALKEKVI,8
DALQGFKI,8
DAMGMNMI,8
DANSIKKI,8
DAPDIANI,8
DAPDVFTV,8
DAPNPSLI,8
DAPVTGMV,8
DAQVKLFV,8
DLLPSRDR,8
DMGFGLFD,8
DPAQPPRD,8
DPHSGHFV,8
DPPPVELI,8
DPPSASTV,8
DPPYTHTI,8
DPSAVHTV,8
DPYSGSTI,8
EAGAGGGA,8
EAHRIQQI,8
EAHRIVSI,8
EAKLVRKV,8
EALTGTEK,8
EEEEDGEM,8
EELQKREE,8
EFKADEKK,8
EGEDNSKR,8
EGPPPKDT,8
EIHSKTKS,8
ELPYPQPQ,8
EPARSRSR,8
EPLARLEL,8
EPMEAEEV,8
ESTRGRSR,8
EVFISAPR,8
EVRLVPGR,8
EYRKKMDI,8
FCGLPRLE,8
FDGYWGYS,8
FEPFSNKG,8
FKAFDKHM,8
FLNNYDAE,8
FPAVTVEV,8
FPLQPQQP,8
FPQPELPY,8
FTRSLFVN,8
FVQMMTAK,8
GAHNVRTQ,8
GAMPPQQL,8
GERGFFYT,8
GIARVPLA,8
GLPPARGT,8
GMIPPPGL,8
GMMPAPHM,8
GMPPMTQA,8
GMPPPGMR,8
GPPPPGMR,8
GQIPPGAM,8
GQPPYMPP,8
GTFKAFDK,8
GTLHVVQR,8
GTQVHGTI,8
GVGGPSQQ,8
GVGRAAGR,8
GVPAGVPI,8
HAAISHQV,8
HAAYVHVI,8
HDSPSVRK,8
HKAFKGSI,8
HKGFKGVD,8
HPAIALRE,8
HPLAPLNF,8
HRPPSPAL,8
HSRPYMAS,8
IAKQSVTI,8
IALREYRK,8
IAPTIEQI,8
IAVEAQEI,8
IFEKSFVN,8
IGLPPARG,8
IGTFKAFD,8
IILHQQHH,8
IIWRSTQG,8
ILPDSLPL,8
IPDWFLNR,8
IPLLVQGV,8
IPPATTEI,8
IPPGAMPP,8
IPPPGLAP,8
IQEVRSKS,8
IWAQKTNT,8
IWRSTQGV,8
KAFDKHMN,8
KAKAQTDR,8
KDYYQKWM,8
KFPEDFES,8
KGGCAKGK,8
KIPPTPFS,8
KKAKAKAK,8
KKGKKKDP,8
KMKGTFVE,8
KPFSNSKV,8
KPKSQETP,8
KRSGKPRG,8
KSAIEGVK,8
LACKYNGK,8
LAKTISKI,8
LATLIHQV,8
LGAHNVRT,8
LGRAGLTY,8
LGTLHVVQ,8
LIGEVFVL,8
LKFVEQNE,8
LKYYRMMQ,8
LLGEVFEL,8
LPACNTPG,8
LPGEVFAI,8
LPIESQMV,8
LPLIVNTV,8
LPLLENQI,8
LPLLIQTV,8
LPPARGTP,8
LPPESTQV,8
LPPGAQLV,8
LPPLVPAI,8
LPPSVLAV,8
LPQIAAKI,8
LPQVAEEI,8
LPSITNVI,8
LPSYTPTI,8
LPTVISAV,8
LPYNGVTV,8
LPYQIKKI,8
LPYQVVEV,8
LQEGLRRA,8
LQPFPQPE,8
LREYRKKM,8
LRWEPVPR,8
LTALLRNL,8
LTSRPAHG,8
LTSVYIAN,8
LVGEVWGL,8
LYKEKALS,8
MAHRPPSP,8
MAPPPGMR,8
MEGEVWGL,8
MIPPPGLA,8
MMRKAIRG,8
MNPARSFG,8
MPLTALLR,8
MPPHIYAI,8
MPPMTQAP,8
MPPPGMIP,8
MPPQQLMP,8
MPYTQNFI,8
MTQAPRIM,8
NEKEEGET,8
NRYTGPYT,8
NTDSPLRY,8
NTEEYIDG,8
PAIALREY,8
PAPGMRPP,8
PAPKKGSK,8
PATKKAVQ,8
PDDLPFST,8
PDGPDGPE,8
PELPYPQP,8
PESDQPDL,8
PFPQPELP,8
PFSAPPPA,8
PFSQQQQQ,8
PGAMPPQQ,8
PGMIPPPG,8
PGRGTPPP,8
PGSHFCGG,8
PGVSYRTR,8
PHSRPYMA,8
PKPEPKPK,8
PLTALLRN,8
PLVQEQQF,8
PMTQAPRI,8
PPAQPLSE,8
PPARGTPI,8
PPGAMPPQ,8
PPGMIPPP,8
PPGRGTPP,8
PPMTQAPR,8
PPPGIMAP,8
PPPGIRGP,8
PPPGLAPG,8
PPPGMIPP,8
PPPGMRGP,8
PPPGMRPP,8
PPPPPRTP,8
PPPPSLPG,8
PPQQLMPG,8
PPYMPPPG,8
PQIVPEPM,8
PQPELPYP,8
PTQYPPGR,8
PVPHGTQC,8
PYMPPPGM,8
QALEARLV,8
QAPTVTMV,8
QLQPFPQP,8
QPELPYPQ,8
QPEQPFPE,8
QPFPQPEL,8
QPHSRPYM,8
QPPLVQAI,8
QPPLVTGI,8
QPPYMPPP,8
QVINVREG,8
QVMTPQGR,8
QVPLVQEQ,8
RAKFKQLL,8
RARARARA,8
RATPPPGI,8
RATWKSNY,8
REYRKKMD,8
RFLMKLSH,8
RGTPPPPV,8
RGVGGPSQ,8
RIIWRSTQ,8
RKKMDIPA,8
RNPLIAGK,8
RPPPPGIR,8
RRARARAR,8
RRRSRERS,8
RRSHRSER,8
RRSRSRDK,8
RRWLRLLV,8
RVRVSWSP,8
RVSWSPVP,8
SAHVGHSV,8
SEGLAIVT,8
SPPLAQAI,8
SPPLITNV,8
SPPLITQV,8
SRERSKDK,8
SYLDKVRA,8
TAIASRSV,8
TAIRHHVL,8
TALLRNLG,8
TANTGHTI,8
TEKLLKYL,8
TFKAFDKH,8
TFLTVTPN,8
TLHVVQRG,8
TLKNREPV,8
TMNNFLDR,8
TPATKKAV,8
TPPPGIMA,8
TPPTAQVV,8
TPQEIHTV,8
TPRTPPPQ,8
TVFSTHFM,8
TVRRMELK,8
VAALGNKV,8
VAHIIQKI,8
VAKVEPAV,8
VAPAVASV,8
VAPTVSQI,8
VELGGGPG,8
VERGRTVK,8
VGPLLACI,8
VGTRPSNH,8
VHLTPEEK,8
VHPAIALR,8
VKGWRPRR,8
VLGAHNVR,8
VPPAVTGI,8
VPPLANAI,8
VPRAQGFL,8
VPYEPPEV,8
VRGVGGPS,8
VRVPVPQL,8
VRVSWSPV,8
VVLGAHNV,8
VYRVNSYW,8
WGAEGQRP,8
WGPDPAAA,8
WSKAHPPE,8
WTYDGSVV,8
YAPSGNFV,8
YAVLTSTI,8
YEVSQLKD,8
YGMPRQIL,8
YKRPQGGS,8
YMPPPGMI,8
YPAELNNI,8
YPASTVQI,8
YPFQIHSI,8
YPPGTQVV,8
YPPSPWTI,8
YPTTFVMV,8
YPVIIHLI,8
YPYNAPTV,8
YRKKMDIP,8
AAAAAIFVI,9
AAAELIKEV,9
AAAGVVHAV,9
AAALIIHHV,9
AAAPVVPAV,9
AAATSVHVV,9
AAATVTKKV,9
AAFGQLHKV,9
AAFSELPLG,9
AAGAYVHMV,9
AAGIGILTV,9
AAKASVPTI,9
AAKDPSPSV,9
AALPNVYEV,9
AAMDDVMQV,9
AAMELAQMV,9
AAMSVAKRV,9
AAMSVAQRV,9
AAPGAPAAV,9
AAQSEAKVV,9
AARQRLQDI,9
AASIAGLFL,9
AATDIARQV,9
AATPAKKTV,9
AATSLAKTV,9
AAVDYQKVV,9
ACDGERPTL,9
ADASVPVMP,9
ADGGAQGTA,9
ADVTIADPT,9
AFQQGKIPP,9
AGKLSFPAN,9
AGSLQPLAL,9
AHVDKCLEL,9
AIIDPLIYA,9
AKYSNQRAQ,9
ALAEGDLLA,9
ALAGKVLRF,9
ALARLMPGS,9
ALAVLSVTL,9
ALEEANADL,9
ALEEANSKL,9
ALEKLNKEL,9
ALGDLFQSI,9
ALIDVFHQY,9
ALPRLIAFT,9
ALQKAKQDL,9
ALSEDLLSI,9
ALTAVAEEV,9
ALWMRLLPL,9
ALYLVCGER,9
ALYSGVHKK,9
AMAMKIATA,9
AMKISFAKK,9
AMPTLGPIK,9
AMVGAVLTA,9
ANADLEVKI,9
ANPSRGGGG,9
APPLIVHNI,9
APRRLFDIA,9
APSSLAGNG,9
APVIKARMM,9
AQATKLMQC,9
AQAYDLSPS,9
AQSAITACW,9
AQYEDIAQK,9
ARGQPGVMG,9
ARHRRSLRL,9
ARKLLLDNL,9
ARKVKGAAG,9
ARLSVVRNG,9
ARSVRTRRL,9
ARTDLEMQI,9
ASFDKAKLK,9
ASKAKARPV,9
ASSLLASSP,9
ASYLDKVRA,9
ATADYPQKS,9
ATANQIILK,9
ATEEEEEAV,9
ATIIDILTK,9
ATNIFIEGT,9
ATVAGVHVK,9
ATVTPSPVK,9
AVALPLQTK,9
AVQRTLLEK,9
AVTDVIIAK,9
AVYSHVIQK,9
AYRRRWRRL,9
CAAIHTIIH,9
CELSPSSRC,9
CIGSPSTNC,9
CLGGLLTMN,9
CLGGLLTMV,9
CLGHNHKEV,9
CLKRSKLRC,9
CLQYRLRGK,9
CRQSRKRPC,9
CRVLCCYVL,9
CSFHYQNRC,9
CSRTSSRTC,9
CTELKLSDY,9
CTRHPDCQA,9
CTRWAGRPC,9
DAAAVGNHV,9
DAAELAQHV,9
DAAFTYHHI,9
DAAHAQTEV,9
DAAMKAMTI,9
DAAPAPASI,9
DAARAIAGV,9
DAASYVRKV,9
DADGHFHLI,9
DAEMTTRMV,9
DAFHEKYTI,9
DAGGHNVTI,9
DAHIYLNHI,9
DAHSNLASI,9
DAHSTLAKI,9
DAHVILNDI,9
DAIENKTTV,9
DAIITKASI,9
DAIRQSNQI,9
DAITQQNTI,9
DAKEIKDAI,9
DAKENFYRV,9
DAKFIQPNI,9
DAKILDNRI,9
DAKILSNVI,9
DAKIRIFDL,9
DAKKQFEKV,9
DAKKQIKQV,9
DAKLDKAQI,9
DAKLDKSQI,9
DAKLEPTNV,9
DAKNKLEGL,9
DAKQLTTTI,9
DAKSTIVSI,9
DAKSTSIQV,9
DAKVYTPSI,9
DAKVYVAKV,9
DALAEAQRV,9
DALDKIRLI,9
DALDVANKI,9
DALGKLISI,9
DALLKFSHI,9
DALLQMITI,9
DALNIETAI,9
DALRQTASV,9
DALRSGLTV,9
DALRSILTI,9
DALTEPLAI,9
DALVTKNLV,9
DAMFPVTHI,9
DAMKRVEEI,9
DAMKYTIVV,9
DANDVVITV,9
DANFSNYYI,9
DANPFLQSV,9
DANVQIASI,9
DAPASAAAV,9
DAPFVFAEV,9
DAPHPPLKI,9
DAPISPASI,9
DAPMTPKQI,9
DAPRVGDEV,9
DAPTSPASV,9
DAQAKVVNI,9
DAQIYVDKV,9
DAQMHTVTI,9
DAQTQIQNI,9
DAREIFDLI,9
DAREVMILI,9
DARKTLDSV,9
DASKASPSV,9
DASLVNASI,9
DASLVVERI,9
DASPSPLSV,9
DASTKIYAV,9
DASVKEWTI,9
DASYVVSVI,9
DAVISTETV,9
DAVTAFESI,9
DAYSFSRKI,9
DAYTHPQFV,9
DAYTKKELI,9
DAYTVLTRI,9
DAYVGYMTI,9
DCTPNVSGG,9
DGGGGGGGA,9
DIGALKQEL,9
DILEEERAV,9
DKRQLQSGQ,9
DLILELLDL,9
DLLSDNVHF,9
DLTSFLLSL,9
DPAPAHTSI,9
DPEEVSVTV,9
DPFEVSYQI,9
DPFIIIHSI,9
DPNNQLHVI,9
DPNPQSTVV,9
DPPAVLLEV,9
DPQQKIETV,9
DPQQVVHRV,9
DPRFLRLLD,9
DPSGAHPSV,9
DPSNNFRMI,9
DPTRNVKGD,9
DPYEVSYRI,9
DPYGFLTTV,9
DPYKVYRIV,9
DRASFIKNL,9
DREHKRGER,9
DRGIDKAVI,9
DRLALLANL,9
DRNGTHLDA,9
DRQHLPLIK,9
DRYWAIRTR,9
DSRGNPTVE,9
DTDHYFLRY,9
DVIRLIMQY,9
DVNGLRRVL,9
DYKSAHKGF,9
EAAKPEPVI,9
EAIRTVMTV,9
EAKALKEQL,9
EAKEVEETI,9
EAKLIAVEI,9
EAKRELDSI,9
EAKTHEAQI,9
EAKVGEPEV,9
EALGNVRTV,9
EALKIFQKI,9
EALTKHFQD,9
EAPFVPVGI,9
EAPLLHRQV,9
EAPRPPATV,9
EAPVAVVTV,9
EAQYKFIYV,9
EARLVLDSV,9
EARSPDPGI,9
EASFVLHTI,9
EAVVVTNTI,9
EAYTSVLTV,9
EEMTMQQAK,9
EFKRIVQRI,9
EGSFQPSQE,9
EILGALLSI,9
ELAEYLYNI,9
ELAGIGILT,9
ELRSRYWAI,9
EPLEVFISA,9
EPQAKNISV,9
EQAQSQTLP,9
EREQTLNQL,9
ERFLAQEQL,9
ERGFFYTPK,9
EVAHPSVPL,9
EYTAKIALL,9
EYWNSQKDL,9
FADPHSKRV,9
FAKMVVDAV,9
FALDSGLEI,9
FALGSVVAV,9
FAMYPPSMI,9
FANGHVNSV,9
FASDASAVI,9
FASGLIHRV,9
FASHVSPEV,9
FAYTSRHEI,9
FFRKSKEKI,9
FGESLPARF,9
FIFSILVLA,9
FKNIVTPRT,9
FLCLQYRLR,9
FLFAVGFYL,9
FLGMESCGI,9
FLITQLKML,9
FLIVLSVAL,9
FLLFIFKVA,9
FLLFPDMEA,9
FLQDVMNIL,9
FLRGRAYGL,9
FLRNLVPRT,9
FLWSVFMLI,9
FLWSVFWLI,9
FLYGALLLA,9
FPAAIEHTI,9
FPEEVIATI,9
FPIDHFTHI,9
FPITALREI,9
FPKALGQLI,9
FPLTKVYVV,9
FPMSPVTSV,9
FPNNYVTKI,9
FPNVEIVTI,9
FPPETSASV,9
FPSEITDTV,9
FRCRQYRRL,9
FRHRRTLRL,9
FRKADKFPM,9
FRKTSISGA,9
FRKTSKGGS,9
FRSYRTRRL,9
FRWYRVRRL,9
FRYNGLIHR,9
FTSEHSHFS,9
FVNDIFERI,9
FYTPKTRRE,9
GAPYPGPGQ,9
GASGDIAKQ,9
GASGVGSGL,9
GDSASAGLI,9
GGETLLHMA,9
GGGGGGGAG,9
GGGGGGGSN,9
GGHGSKPSG,9
GGIYQDLVS,9
GGQPPGGQP,9
GGTTTPRTT,9
GGYRARPAK,9
GHLGARIQR,9
GHPLAPPQA,9
GILGFVFTL,9
GIYGPGSYG,9
GLCTLVAML,9
GLEKIEKQL,9
GLIGKIIAA,9
GLLAQQMDY,9
GLLDQVAAL,9
GLLETNFTA,9
GLREDLLSL,9
GLRRDLDAS,9
GLRRVLDEL,9
GLVFLCLQY,9
GLVRNLGVL,9
GLVVLAVIA,9
GMVTTSTTL,9
GPAPGMRPP,9
GPGSKLPWL,9
GPGYANAMP,9
GPKVKRPPI,9
GPPMMRPPA,9
GPPRRLIDT,9
GPRGALSLL,9
GPRVVERHQ,9
GQPQGGPYP,9
GQSRGQSRG,9
GRASRTRRL,9
GREGDKHKL,9
GRKSAVSPA,9
GRNARVRRL,9
GRNVVLDKS,9
GRTPEDNTL,9
GSHLVEALY,9
GSPATWTTR,9
GTADVHFER,9
GTFGGLGSK,9
GTINIVHPK,9
GVAQDVPGA,9
GVMAARGQL,9
GVTNFVPSM,9
GWPVAPDPA,9
HAAELIKTV,9
HAATYTKKV,9
HAAVLVETI,9
HAKKTPPAS,9
HANIAVANI,9
HANMNVHYI,9
HAPLQHRHV,9
HAPSPGQTV,9
HARHGFLPR,9
HELGDIAIA,9
HETVTIELK,9
HIAGSLAVV,9
HIILVLSGK,9
HKKSLSSPS,9
HLRQGRNTA,9
HLVEALYLV,9
HPLAPAGTF,9
HPLAPPHPS,9
HPLAPSPAV,9
HPLAPVPRQ,9
HPLASSLHA,9
HPLASSVSA,9
HPLATGPHL,9
HPLLPGTAS,9
HPLPPAATF,9
HPLSPHPSY,9
HPLSPRPLQ,9
HPLSPSPYM,9
HPSGIVHQV,9
HPYEVAEVI,9
HRFLPLKTR,9
HRFLPVKTR,9
HRFLPVRTR,9
HRKSTVAGS,9
HSEAETGPP,9
HSERHVLLY,9
IAALKVAKS,9
IAATPVPTI,9
IAFPTSISV,9
IAHEIYQKI,9
IAHPSFHNI,9
IAKALDLAI,9
IAKKENVKI,9
IAKLDVSNV,9
IAKQEDVSV,9
IAKVEQHVV,9
IAMHPQVNI,9
IAMLEPLTV,9
IANPSSTEI,9
IAPNVTVMV,9
IAPSISVSV,9
IAQDRNIAI,9
IAQEIAEKI,9
IASKVTRTV,9
IASQTVKKV,9
IAYKFGKTV,9
IFANAHTYH,9
IGSTPIGDS,9
IGYIGAIPA,9
IIAKMKGTF,9
IIAVDTKPV,9
IICYNWLHR,9
IIQPQQPAQ,9
IIYKGGTSR,9
IKEESKTAV,9
ILGALLSIL,9
ILKDFSILL,9
ILMHCQTTL,9
ILQDGRIFI,9
ILRGSVAHK,9
ILSAHVATA,9
IMDQVPFSV,9
IMPGQEAGL,9
IPALRDISI,9
IPAVSVTSV,9
IPFPTLFAP,9
IPHIHKSLI,9
IPKEKDEKI,9
IPKKEIHTV,9
IPKKHISQI,9
IPLSEILTV,9
IPMEDRHNI,9
IPMGKSMLV,9
IPNEKIRNI,9
IPNGSSITV,9
IPPLFTVSV,9
IPPSTLVEI,9
IPPTALNSI,9
IPQARFLLV,9
IPQEFQKTV,9
IPQKFHRSV,9
IPSLLPATV,9
IPYARDAVI,9
IPYHIVNIV,9
IQATVMIIV,9
IQPQQPAQL,9
IRAASAITA,9
IRLPSQYNF,9
IRMFKILPL,9
IRRGVMLAV,9
IRRSETPRA,9
IRSSVQNKL,9
IRYHTNWSS,9
ISLWKGFSF,9
ITDQVPFSV,9
ITPITSANV,9
ITVDGTKAV,9
IVAGTLTNK,9
KAIENTASV,9
KAISGVHTV,9
KAKQDLARL,9
KALVKPKEV,9
KAMEKLESV,9
KATAYILSV,9
KAVDIVKQV,9
KAVRADADV,9
KAYGKAKSI,9
KEFKRIVQR,9
KESTLHLVL,9
KGDSVTIIA,9
KGEQGEPGA,9
KGKKALQSA,9
KIADRFLLY,9
KKKKYAEAV,9
KKTKGLVTT,9
KLEGLEDAL,9
KLIETYFSK,9
KLQQKEEQL,9
KLQVFLIVL,9
KLRAEIENL,9
KLSEGDLLA,9
KLVETYISK,9
KMLDHEYTT,9
KMPIEADPL,9
KMYAFTLES,9
KPLLIIAED,9
KPSARFSGL,9
KPVSVFIGS,9
KQRIKSQER,9
KRIQEIIEQ,9
KRPPIFIRR,9
KRRASAGGP,9
KRTLKIPAM,9
KRVVINKDT,9
KSGPIDIIG,9
KSLNYSGVK,9
KSVKPRQAT,9
KTVDLILEL,9
KTWGQYWQV,9
KTYGEIFEK,9
KVEDPFYWV,9
KYLATASTM,9
LAAEFLKQV,9
LAAIVAKQV,9
LAANFVVAL,9
LAHSTHVTI,9
LAKDDQLKV,9
LAKEGNYAI,9
LAKQAEMEV,9
LAKSSQVAI,9
LAKVQENTI,9
LALEGSLQK,9
LAPATVQTV,9
LAPVVSSTV,9
LASTLVHSV,9
LAVDGVLSV,9
LCLQYRLRG,9
LDKVRALEE,9
LEAIRSLVL,9
LFALTLPIW,9
LGLHALQSP,9
LGRDANAWK,9
LKRVCAQIN,9
LLECCARCL,9
LLFSFAQAV,9
LLIDLTSFL,9
LLIGGFAGL,9
LLNATIAEV,9
LLPDPSAPT,9
LLPPLLEHL,9
LLQEEEEEL,9
LLQEYNWEL,9
LLRPVARDT,9
LLSLFSLWL,9
LLSPRGKEL,9
LLTTLSNRV,9
LLWTLVVLL,9
LMWAKIGPV,9
LNIDLLWSV,9
LNTAKHRES,9
LPAADVKNI,9
LPAERIQEI,9
LPAEVKEQI,9
LPALKINKV,9
LPAPNTATV,9
LPASIPHVI,9
LPDGQVITI,9
LPDGTTVTV,9
LPEDKPRLI,9
LPEDLYHLI,9
LPEEVVKKI,9
LPFEVLQHI,9
LPHHRVIEV,9
LPHLPSLEI,9
LPHNTHRVV,9
LPIAPSHVI,9
LPIHTVETI,9
LPIQPAQHI,9
LPKHVIKQI,9
LPKKGVTSI,9
LPKLHIVQV,9
LPKSIYSQI,9
LPKSSSQEV,9
LPKSTVNGV,9
LPLEDSPVI,9
LPLHVGLTV,9
LPLLALLAL,9
LPLPHFDTI,9
LPLQENVTI,9
LPNAVITRI,9
LPNGQTVQV,9
LPNGTASLI,9
LPNIPVQTI,9
LPNLQTVTV,9
LPNPTLVTI,9
LPPDHLVEV,9
LPPLDPEEI,9
LPPLIGQKI,9
LPPMDHSTI,9
LPPNHILEI,9
LPPPTPSQI,9
LPPPVQTQI,9
LPPSALQSV,9
LPPTVYEAV,9
LPQEQKAKI,9
LPQPKNLTV,9
LPQPVPLSV,9
LPQVQSTTV,9
LPRDPSSEV,9
LPRGSSPSV,9
LPSDFEHTI,9
LPSEAVNMV,9
LPSELIVHI,9
LPSHGVPLI,9
LPSPDPVTV,9
LPSPLKQTI,9
LPSPPAVAV,9
LPSSVISAI,9
LPSSVLHII,9
LPSTTIENI,9
LPVVVISNV,9
LPWISILTV,9
LPWTAEQVV,9
LPYDSKHQI,9
LPYLVSNVI,9
LPYPFASEI,9
LPYTQSVQI,9
LPYVGMVTI,9
LQIDNARLA,9
LQYRLRGKL,9
LRAGRSRRL,9
LRKFSSLCY,9
LRKKGYDPG,9
LRLSHLKPS,9
LRNLGLGKK,9
LRRYLENGK,9
LRVDPVNFK,9
LSRASLKTL,9
LSRKKTLTT,9
LSSREPQAR,9
LTDRELEEY,9
LTQRGSVLR,9
LVEAKQYII,9
LVFLCLQYR,9
LVGTPQKTK,9
LWMRLLPLL,9
MAAQLPMSI,9
MAHMTVEEI,9
MAKPVYHAI,9
MAPGTVTVV,9
MFPEVKEKG,9
MIAVALAGL,9
MIIVSSCAV,9
MKCGMWGRA,9
MKTFLILAL,9
MLGGEVFYV,9
MLIGEVFNI,9
MLPGEVFAI,9
MLYQHLLPL,9
MMTAEVGVT,9
MPAFIFEHI,9
MPHQTPNQI,9
MPILGLGTW,9
MPKAEKNAV,9
MPKKDPVKI,9
MPLLTPRYI,9
MPLNVADLI,9
MPLSTIREV,9
MPLVKSVTV,9
MPMNVADLI,9
MPPEHVRKI,9
MPPKAGQTI,9
MPPPPPQGV,9
MPQIETRVI,9
MPQKERESI,9
MPQNRTIYV,9
MPSSLAHRI,9
MQCLANGPG,9
MRDHTITLL,9
MRKANSPPT,9
MRKSTGTAS,9
MRSHRYLRL,9
MTAPPGGIY,9
MTAVDDSKD,9
MVWESGCTV,9
NAEIRVHTV,9
NAFHHPSAV,9
NAFLEKKTV,9
NAGPPSHII,9
NAHKVLLSV,9
NAKEFEKEI,9
NAKEIARTV,9
NAKEVGEAI,9
NALDYIRTV,9
NALGHVRYV,9
NALGVILQV,9
NAMDNTVRV,9
NAMGYVRMI,9
NANAASPLI,9
NAPIIPQGV,9
NAPLTSIQI,9
NASARDNTI,9
NASPVISSV,9
NAVIVDTTI,9
NAYRQVQEV,9
NGFPVALAR,9
NKALTFFLP,9
NLAQDLATV,9
NLFLFLFAV,9
NLFTQTGTP,9
NLIGALGVA,9
NLIKLAQKV,9
NLLEREFGA,9
NLNEKIKKD,9
NLVAMVATV,9
NLVGMVATV,9
NLVPMVASV,9
NLVPMVATV,9
NLVPQVATV,9
NLVPTVATV,9
NLVPVVATV,9
NMQDLVEDL,9
NNSFEKVKQ,9
NPKDPESNI,9
NPKEFYHEV,9
NPLENQHFI,9
NPLPSKETI,9
NPMVVANAV,9
NRAKQVIKL,9
NRELIQQEL,9
NRFSVAYML,9
NRKLKSNMM,9
NRRLLPMPE,9
NRVAPNVRQ,9
NSSPYLNTK,9
NTEEEGLKY,9
NTFGLQLEL,9
NVEIDPEIQ,9
PANAAPSGW,9
PAPKKGSKK,9
PDHLPRHVS,9
PEIIENFDP,9
PFPQPQLPY,9
PFPQPQQPF,9
PGANQWMMT,9
PGGGGGGGG,9
PGGGYPYPG,9
PGGPYPGAP,9
PGGPYSPGP,9
PGPPPGGPG,9
PGPSRAHFL,9
PGQPFGPGG,9
PHESDATVR,9
PHNRQESPA,9
PIKTSPITV,9
PIPQQPQPY,9
PLQPQQPFP,9
PLTNRRLRG,9
PPGEQTMGV,9
PPGPTGASG,9
PPLKPVIDE,9
PPLLLTDVT,9
PPPPGMMPV,9
PPQTEHIEL,9
PQPELPYPQ,9
PQPQLPQPQ,9
PQPQLPYPQ,9
PQPQQPFPW,9
PQQPQQPFP,9
PQQQLQFQQ,9
PQQSFPEQE,9
PQQSFPQQQ,9
PQSPGSSFP,9
PRVQPLGTG,9
PSFPPALRL,9
PSGATPSST,9
PSMDLTAQA,9
PSPSLSHPL,9
PVSSTRGNM,9
PWATLVAES,9
PWLIVAGLV,9
PYCFDQLRR,9
PYPEQQQPI,9
PYPFAQKRL,9
PYPQPGQYP,9
PYPQPQLPY,9
PYPQQPQPY,9
PYPYPPPGG,9
QAIERYLVV,9
QAKEQYEQI,9
QAKLEHEYI,9
QAKPVAPQV,9
QALETGVTV,9
QAPVAAHTV,9
QAQDRAHRI,9
QATDTILTV,9
QATIYVHKV,9
QETPATKKA,9
QGMHILLPL,9
QGSFQPSQQ,9
QGYYPTSPQ,9
QIEGLKEEL,9
QILKGGSGT,9
QKKMVALSG,9
QKRAKGLSA,9
QLARQQVHV,9
QLEAIRSLV,9
QLFNHTMFI,9
QLIMPGQEA,9
QLLQHYREV,9
QLQEEEDGL,9
QLWQIPEQS,9
QLYMIQKKS,9
QLYWSHPRK,9
QMRPVSRVL,9
QPHISPLTI,9
QPITPGPSI,9
QPLALEGSL,9
QPLATYTTV,9
QPLEVLEAV,9
QPMAVVQSV,9
QPPLISHGI,9
QPSEVLRTV,9
QQPFPQQPQ,9
QQPQQPFPQ,9
QQPQQPYPQ,9
QSPRLYPGS,9
QVELGGGPG,9
QVYIRGSKI,9
QYPAGGPYP,9
QYRLRGKLR,9
RAGTDEGFG,9
RAIEQLAMM,9
RATDGKKKI,9
RFKMFPEVK,9
RGGGGGGAG,9
RGGIRRQSL,9
RGLKSKIAM,9
RIKDFLRNL,9
RIVQRIKDF,9
RKALRLSAS,9
RKKKPPGLA,9
RKLAHPGTS,9
RKRTRHLEG,9
RKTALGTRQ,9
RKVVQTSLE,9
RLASYLDKV,9
RLLCALTSL,9
RLLKEYQEL,9
RLLPLLALL,9
RLLYPDYQI,9
RLRGKLRAE,9
RLTRELYAQ,9
RLVGQQVMQ,9
RPPHSASWR,9
RPPIFIRRL,9
RPRTPPPSY,9
RQSDGQYQM,9
RRFGDKLNF,9
RRGPEAHQA,9
RRIYDLIEL,9
RRKLRTNAG,9
RRKPGTEQL,9
RRKWRRWHL,9
RRLPFGSQM,9
RRLVVTLQC,9
RRMAEEFRL,9
RRQRRSRRL,9
RRRVRNSDT,9
RRRWHRWRL,9
RRRWRRLTV,9
RRYGDVFQI,9
RSDSIAAGK,9
RSLKTKLPS,9
RTELLKDAI,9
RTQRYWIAY,9
RYVVAGKMS,9
SAAGHLKVV,9
SAFDHFASV,9
SAFPFPVTV,9
SAHAVKISI,9
SAKSGEVLV,9
SALDTITTV,9
SALPHVHTV,9
SALPVSPSI,9
SAMSAAKAI,9
SAMVRVISV,9
SANHNILQI,9
SAPTLFPLV,9
SAQARNETI,9
SAQNATDCT,9
SAQSDLKEV,9
SASDAIKFV,9
SASVYIKKV,9
SATEIEKSI,9
SATQAAKQV,9
SAVDGQRQV,9
SAYDNVNKV,9
SAYEQVKQV,9
SAYLVAEKV,9
SDDQGPNLI,9
SENDRLRLL,9
SESTIQNLR,9
SGGDMPRSD,9
SGWTVFSDD,9
SIFKQPVTK,9
SIRGNNIRY,9
SISVLISAL,9
SITSVFITK,9
SKDGFSMTA,9
SLAAGVKLL,9
SLAVVSTQL,9
SLDVMASQK,9
SLLLELEEV,9
SLQEEIAFL,9
SLQPLALEG,9
SLSPLQAEL,9
SLSRFSWGA,9
SLVLTLNEL,9
SLVNLGGSK,9
SLYQLENYC,9
SPGSGFWSF,9
SPKPVSSTV,9
SPKVVIQTI,9
SPLPAHPSV,9
SPQGRVMTI,9
SQAPLPCVL,9
SQEGRTTKQ,9
SQKQRARFL,9
SQPQQQFPQ,9
SRASRALRL,9
SRFTYTALK,9
SRKATASLP,9
SRKGLRRDL,9
SRKKTFTGA,9
SRKSGSLTK,9
SRKVALQGG,9
SRQGLRRDL,9
SRYWAIRTR,9
SSADVEFCL,9
SSGGGGGGG,9
SSTSTSVSQ,9
STIEYVIQR,9
STLVPNKAP,9
SVLTLENCK,9
SVRDRLARL,9
SVSPVVHVR,9
SVYDFFVWL,9
SWGAEGQRP,9
SYGSNPYGQ,9
TAAATVRQV,9
TAALHHLTV,9
TAAMITETI,9
TAAPTGTTI,9
TAAPVTTTV,9
TAEDRQVSI,9
TAFLTPLEI,9
TAFVEPLVI,9
TAHYGSLPQ,9
TAKAIAVTV,9
TAKDPSVSI,9
TAKGGDISV,9
TAKLPAPSI,9
TAKPGVSTV,9
TAKPLVEEI,9
TALAIYHVI,9
TALAQIMTI,9
TAPALPSSI,9
TASNTFRVV,9
TASVVAITV,9
TATMHILVV,9
TFGLQLELT,9
TFRDLHQQQ,9
TIADFWQMV,9
TKEQTTFPP,9
TKLSNTPSP,9
TLEGFASPL,9
TLLGDFIYW,9
TLNELPNRT,9
TLPTPVVQL,9
TLVVMKGGH,9
TMHSLTIQM,9
TMWDALEAP,9
TPDSLGRPS,9
TPHDFIEHI,9
TPLPAGHMI,9
TPMGPGRTV,9
TPMNPANTI,9
TPNIVKQTI,9
TPPAVKQTI,9
TPPMVVVGI,9
TPPSIPLQI,9
TPYQSKWTI,9
TQDLGYSRV,9
TRGLKGAPQ,9
TRKALTQNT,9
TSEHSHFSL,9
TTYNYAVLK,9
TWTYDGSVV,9
TYWQLNQNL,9
VAAATAAAI,9
VAANIVLTV,9
VAHQQLIQI,9
VAKAIATTV,9
VAKEDQPAV,9
VAKEIARAV,9
VAKQDTVRV,9
VALLVGEKV,9
VAPASVITI,9
VAPSTVKEV,9
VAPVAPVAV,9
VAQENHAVI,9
VAQNAARIV,9
VARPAPVAV,9
VASEVYKAV,9
VASPSPKEV,9
VATPGKKGA,9
VATVTVKGV,9
VAVEPGAAV,9
VAVGVIKAV,9
VELGGGPGA,9
VEPTGKRFL,9
VETRDGQVI,9
VFLCLQYRL,9
VGLVFLCLQ,9
VIALVATLV,9
VIKARMMEY,9
VIVMLTPLV,9
VLEETSVML,9
VLFGLGFAI,9
VLFSSDFRI,9
VLGDLFVRD,9
VLMIKALEL,9
VLNRMAKGV,9
VLQELNVTV,9
VLRKEEEKL,9
VMAPRTLVL,9
VMAPRTVLL,9
VMATLLPPV,9
VMNILLQYV,9
VMNILLQYW,9
VNSHGWPIH,9
VPAAEHSTI,9
VPAGGAVAV,9
VPAHGHPVI,9
VPAQVQSEI,9
VPDQPHPEI,9
VPFHRVDTI,9
VPFPDTYEI,9
VPHLIDHQI,9
VPHNAAVQV,9
VPHPGSITI,9
VPIFPQPLI,9
VPKEKDEMV,9
VPKSAVQQV,9
VPLDKQITI,9
VPLIIPVSV,9
VPLIIVNSI,9
VPLPNVPSI,9
VPMTPLRTV,9
VPNEHIMNV,9
VPNLQTVSV,9
VPNNKITVV,9
VPPEILNNV,9
VPPLATNTV,9
VPPLTSVSV,9
VPPNIISNV,9
VPQAKPVAV,9
VPQLQNNTI,9
VPSTAIREI,9
VPTSGIYFV,9
VPVDAGTAK,9
VPYIGIVTI,9
VPYLVGQVV,9
VRKLTVTSA,9
VRSRRCLRL,9
VSQPKNSAQ,9
VTMTASRML,9
VTNPDTGRY,9
VTSPIRASY,9
VVHFFKNIV,9
VVTDQIPVF,9
VVTGVLVYL,9
WDPAQPPRD,9
WGGQPPGGQ,9
WYQTKYEEL,9
WYRSKFADL,9
YAFNMKATV,9
YAIDSVLEV,9
YALNHTLSV,9
YAQIRTIAI,9
YARDSVSSV,9
YARLHPRAV,9
YARQLEMIV,9
YASSKLLKI,9
YATEKLRMI,9
YAYEKPHVV,9
YENEVALRQ,9
YGQEPNWGG,9
YIDEQFERY,9
YITTIAGVM,9
YKKGARPIQ,9
YKLRRAYYA,9
YLEPGPVTA,9
YLEPGPVTV,9
YLLLLLLLS,9
YLLLRVLNI,9
YLNRIHELL,9
YMDGTMSQV,9
YPALIGNLV,9
YPANSIVVV,9
YPASIVHQV,9
YPASSLVVV,9
YPEQKVVTV,9
YPFFRGVTI,9
YPGGPYPGG,9
YPGIIVSNI,9
YPKQSFTMV,9
YPLQTVQSI,9
YPMPFITTI,9
YPMRIDESI,9
YPNTMVSSV,9
YPNYPNPAV,9
YPPAPFMHI,9
YPPGAFVSV,9
YPPSMEAVV,9
YPSLPTMTV,9
YPSPTGVLI,9
YPVTIPLHV,9
YQPMEPNPR,9
YRKKSSAEL,9
YRKTAKEGT,9
YRLLLTRVL,9
YRLRGKLRA,9
YRWLPPSSA,9
YSLKLIKRL,9
YTLQKAVLS,9
YTQKHKHQA,9
YVLDHLIVV,9
AAEKQMKDKQ,10
AAFQQGKIPP,10
AAFYKTFKTV,10
AAYRRRRTRR,10
AEDKEDDAED,10
AEDLQVGQVE,10
AEFPSRGKSS,10
AFTGPLRPFF,10
AGRRRARRRV,10
AGSLQPLALE,10
AIRRRRPRRT,10
AKEEPKRRSA,10
AKIDDPTDSK,10
AKSKNHTTHN,10
ALLRRARRVG,10
ALWGPDPAAA,10
ALWGPDPAAV,10
ALWMRLLPLL,10
AMLRAARRAA,10
APGMRPPMGG,10
AQWGPDPAAA,10
AQWGPDPAAV,10
AQYEDIAQKS,10
ASAARLTMMW,10
ASFAEAPFSN,10
ASSSVLSSPA,10
ATALPTGTSK,10
AVAANIVLTV,10
AVFDRKSDAK,10
AVPRRRRRRR,10
AVQGPVPGMP,10
AVRIGGRYVV,10
AVRRRRRGRY,10
AVRRRRRPKK,10
AVRRRRRRRV,10
AVYFKEQFLD,10
AVYYRARARL,10
AWNCCVKQTP,10
CAQTDRHSLS,10
CATLRVYKGG,10
CFIQFLSEPT,10
CPLSLAAQLD,10
CQCRRRRRRR,10
CQQLWQIPEQ,10
CRGRGRRRRR,10
CRYTPRRNIP,10
CTFVPRRKAG,10
DAAALIIHHV,10
DAEDKDEDEE,10
DAFLEAAKKI,10
DAHLIPDHTI,10
DAKSNSLISI,10
DALENHLHVI,10
DAMKRIVGMI,10
DAQSLKEHLI,10
DASPVTNNTI,10
DATDFFGRVV,10
DAYSKRFISV,10
DDDMGFGLFD,10
DEEDKEEDEE,10
DESGPSIVHR,10
DGPPGELGPD,10
DGVAVLKVGG,10
DKERERRRSR,10
DKTEDVDIEE,10
DLPWFRTLSW,10
DLRNKILTAT,10
DLRWAPSRRA,10
DNVLHSAFEV,10
DPISGHVSLF,10
DPNAPKRPPS,10
DPPYVCLPGA,10
DRVYIHPFHL,10
DTNADKQLSF,10
DTTFEYQDLC,10
DVIGDLHQCQ,10
DWEYSVWLSN,10
DWEYSVWSLN,10
DYCNVKNKEF,10
EAAGIGILTV,10
EALHNHYQKS,10
EAPRRRSPSP,10
EDDAEDKDED,10
EDEEDEEDKE,10
EDKDEDEEDE,10
EDKEEDEEED,10
EDKGPQDPQA,10
EDKKRKEEEE,10
EEAEDKEDDA,10
EEDEEDKEED,10
EEEDKKRKEE,10
EEEEAEDKED,10
EENLLDFVRF,10
EEQLQQIRAE,10
EESGPSRLNN,10
EEVHDLERKY,10
EGLKPAAPSA,10
EISFKLGQEF,10
EKDKGLQTSQ,10
EKIERRQQEV,10
EKQMKDKQDE,10
ELAGIGILTV,10
ELINNELSHF,10
ENGYLMEAAP,10
EPTITFGTAI,10
EQRLKEEEED,10
ERDKERERRR,10
ERIAGLEQED,10
ERMERKRREK,10
ERPGPSPLPH,10
ERSRERDKER,10
EVGGEALGRL,10
EVYGPIKRIH,10
EWEDTYGIVL,10
EWESTYSILG,10
EYNIMFGPDI,10
FAEAPFSNKG,10
FEEIRNLALQ,10
FFKNIVTPRT,10
FGYSNRVVDL,10
FIDEPRRRPI,10
FILRRRRKRF,10
FLENVIRDAV,10
FLLSLFSLWL,10
FLMLVGGSTL,10
FLPQQPYPQP,10
FNTGPLSVLT,10
FPAQDIVHTV,10
FPPQQPYPQP,10
FPQPQPFPPQ,10
FPQPQQQFPQ,10
FPSDSGVRII,10
FPSQQPYLQL,10
FQPQQLPQFE,10
FQQGKIPPTP,10
FRELNEALEL,10
FRRRRARRRK,10
FSQFGPIERA,10
FSVATVQTTW,10
FVELGTQPAT,10
FVKRRQRLIG,10
FVPRRRRRKR,10
FVRRRPRRRY,10
FWSGYFRELV,10
GAEGHWRRLP,10
GAGSLQPLAL,10
GAHGDTTFEY,10
GATGPVKRAR,10
GCALLRCIPA,10
GERGSERGRD,10
GGGAGGAGGG,10
GGGAGGGGGA,10
GGGLGGTRRG,10
GGMGGGLGGG,10
GGMGGGMGGG,10
GGSGPQRRGG,10
GGVAVIKAGA,10
GGYVKLFPNS,10
GHAKSRPVRG,10
GIVEQCCTSI,10
GIYRRWRRWR,10
GKFVLSSGKF,10
GLAGPVRGVG,10
GLEALVPLAV,10
GLEPGVVAEK,10
GLLDKAVSNV,10
GLQTSQDARF,10
GLVGRPKSKL,10
GLWRRRRRRW,10
GPAPGMRPPM,10
GPPRPGMMPA,10
GPPVSELITK,10
GPSIVHRKCF,10
GPSRRGPSLG,10
GRFNGQFKTY,10
GRGRRRRRRR,10
GRKHKENVKD,10
GRRRRRRRRR,10
GRTLQNTMVN,10
GRWRRRRRVW,10
GSASPMELLS,10
GSFQPQQLPQ,10
GSGPTIEEVD,10
GTIFDNFLIT,10
GVDQRGRLLR,10
GVIDVITKTW,10
GVTKAAEKQM,10
GVTLLQAAPT,10
GYARRRWRRR,10
HGRDYRSVMP,10
HILFRRRRRG,10
HLCGSHLVEA,10
HLGLRRGMFR,10
HLKAVKMTLK,10
HPRYFNQLST,10
IANVFTNAFR,10
IAPFGIFGTN,10
IAVMPTNLYG,10
IERRQQEVET,10
IFDNFLITND,10
IFMSNSYPRD,10
IGYIGPVPER,10
IIQPEQPAQL,10
IIQPQQPAQL,10
ILAVDGVLSV,10
ILVLASTITI,10
IPCFLAGDTR,10
IPLDHGTLLI,10
IPLPLGTVTI,10
IPNKNRAEQL,10
IPSDLERRIL,10
IRKKRRPGRG,10
ISCMPTNLYG,10
ISDGPSKVTL,10
ISPNTTYPSL,10
IVAGGGVTLL,10
IVLGGGCALL,10
KAFLTQLDEL,10
KDEDEEDEED,10
KDYYQKWMEE,10
KEEEEDKKRK,10
KEERRRSRER,10
KFYCDYCDTY,10
KGKNVLINKD,10
KIADPICTFI,10
KIKDPDASKP,10
KIYIRKRRPS,10
KLFPNSLDQT,10
KMYAFTLESV,10
KNVLINKDIR,10
KPEAPRRRSP,10
KPISGHNSLF,10
KPRDVSSVEL,10
KQDEEQRLKE,10
KRGERGSERG,10
KRIEAIVKNY,10
KRPPIFIRRL,10
KRPSQRHGSK,10
KSGTIFDNFL,10
KTGDKVGASE,10
KTYKKTASSA,10
KVYVRKRRPS,10
LAKLAGGVAV,10
LAKLSDGVAV,10
LALWGPDPAA,10
LCGSHLVEAL,10
LGFSFIMFVI,10
LGVLESDLPS,10
LGWMRYHPQA,10
LIHKRRRKRV,10
LIMFKNVVIK,10
LLAVLPVLLL,10
LLCAGQVTAL,10
LLDFVRFMGV,10
LLDFVRFMGY,10
LLDKAVSNVI,10
LLIDLTSFLL,10
LLMEGVPKSL,10
LLPPPPPVAR,10
LLPWLDGHPM,10
LLQDSVDFSL,10
LLRGYHQDAY,10
LLVVYPWTQR,10
LMVARSRRVI,10
LNIYEKDDKL,10
LPNRALLVNV,10
LPPKKIKDPD,10
LPVPAENTVI,10
LPYPQPQPFL,10
LQQQQQQQQQ,10
LRETYGEMAD,10
LRFRRRRLRR,10
LRQRRRRLLI,10
LSLQEPGSKT,10
LSQVSFQQPQ,10
LTGYRRRLNL,10
LTPRRSRKLK,10
LVCGERGFFY,10
LVIARVRRLH,10
LVRRRRKRYR,10
LVRTRSRRLT,10
LVSASQDGKL,10
LVSGAGDGPP,10
LVSKDGKSKG,10
LVVYFFRVRN,10
LVVYPWTQRF,10
LWDQTYGVPD,10
LWEIEFAKQL,10
LYLVCGERGF,10
LYYQRRRRKL,10
MERKRREKIE,10
MGNIDSINCK,10
MGPKRRQLTF,10
MGPRRRSRKP,10
MLSNPDLMRQ,10
MLVGGSTLCV,10
MMPVGPAPGM,10
MPKFYCDYCD,10
MPMGPGHASV,10
MPMMGPPPPG,10
MPQSGTGVSV,10
MPYLDIVREV,10
MSLKQTPLSR,10
MTQFLPPNLL,10
MVWGPDPLYV,10
MYAMMIARFK,10
NCWKPQVLHC,10
NEIEDTFRQF,10
NFIAVSAANR,10
NGWSHKDLLR,10
NKVSARGCTF,10
NLTRPDITFT,10
NRITIPVQTF,10
NVKDYYQKWM,10
NVLHSAFEVG,10
NWLSLITAAR,10
NYYYRRRRRP,10
PFSQQQQSPF,10
PGGGGGGGGA,10
PGMMPVGPAP,10
PGPSPLPHRD,10
PKSKLSVKKC,10
PLALEGSLQK,10
PLLALLALWG,10
PLVQEQQFQG,10
PMMPMMGPPP,10
PPGELGPDGP,10
PPPGMMPVGP,10
PQFEEIRNLA,10
PQPQLPYPQP,10
PQQLPQFEEI,10
PQQPISQQQQ,10
PQQPYPQPQP,10
PQQQYPSGQG,10
PRRLGGGLGG,10
PRRRSRKPEA,10
PSLGASSHQH,10
PSPLPHRDRD,10
PTPAPGPGRR,10
PTPETGPLQR,10
PTPGPSRRGP,10
PTPTPGPSRR,10
PTYRRRRWRR,10
PVGIRHRLRG,10
PVGPAPGMRP,10
PWWRRRRRRR,10
PYRRRRPRRV,10
QALAQISLPR,10
QEKLQVALGE,10
QEQVPLVQEQ,10
QESTRGRSRG,10
QESTYQLVQQ,10
QFQGQQQPFP,10
QGFFQPSQQN,10
QGFSFIMLFT,10
QGPSKKPASA,10
QGQQQPFPPQ,10
QKQQLQQQQQ,10
QLFNKHTMFI,10
QLGPTCLSSL,10
QLIPCMDVVL,10
QLPQFEEIRN,10
QLQLQNPSQQ,10
QLQPFPQPQP,10
QLWQIPEQSR,10
QNQIAVDEIR,10
QPFLPQQPYP,10
QPFPPQQPYP,10
QPFPQPELPY,10
QPFPQPQLPY,10
QPFPQPQPFP,10
QPFPSQQPYL,10
QPISQQQQQQ,10
QPLALEGSLQ,10
QPLSQVSFQQ,10
QPQPFLPQQP,10
QPQPFPPQLP,10
QPQPFPSQQP,10
QPQPQFPEQQ,10
QPQQSFPQQQ,10
QPQQTFPEQA,10
QPQYSQPQQP,10
QPYLQLQPFP,10
QPYPQPQPFP,10
QPYPQPQPQY,10
QQHHHHQEQK,10
QQPQDAVQPF,10
QQPQQQYPSG,10
QQQPFPPQQP,10
QQQPLSQVSF,10
QQQQQILQQI,10
QQQQQPLSQV,10
QQQQQQLQQQ,10
QQQQQQQILQ,10
QQQQQQQPLS,10
QQQQQQQQLQ,10
QQQQQQQQQI,10
QQRPFIQPSL,10
QQYPSGQGFF,10
QVADVVVSRW,10
QVKSGTIFDN,10
QVLGVVARAA,10
QVPLVQEQQF,10
QVSFQQPQQQ,10
QYNSSSGGGG,10
QYSQPQQPIS,10
RAAARRWRRR,10
RDVVLQQHNI,10
REERMERKRR,10
RERERRERSR,10
RERRERSRER,10
RGCTFYGCWK,10
RGDGPFRLGG,10
RGDSPASSKP,10
RGGNFGFGDS,10
RGIVEQCCTS,10
RGPSLGASSH,10
RGRGRGGPRR,10
RGRGRRRRRR,10
RGRRRRRRRR,10
RGRWRRWRRR,10
RHGSKYLATA,10
RIPRRRPRRP,10
RIRRPRRRRA,10
RIRRRRPWRR,10
RIYFRLRNKA,10
RIYYRERIRK,10
RKEEEEAEDK,10
RKPRRRRLLF,10
RKRRAARRRT,10
RKRREKIERR,10
RKRWRRWRRR,10
RKTHCSGRKH,10
RLGGGLGGTR,10
RLKEEEEDKK,10
RLLDLAQEGL,10
RLRRGRRRRG,10
RLRRRGRRRY,10
RLRRRRARRA,10
RLRRRRPRRP,10
RLRRRRPRRT,10
RLRRRRRLRR,10
RLRRRRRRGW,10
RLRRRRRRRK,10
RLTSSLRYNP,10
RLYPWGVVEV,10
RMMEYGTTMV,10
RNLALQTLPA,10
RPARRRPRRR,10
RPRRAVRRRR,10
RPRRLPRRRY,10
RPRRPVRRRR,10
RPRRRRRRRK,10
RPRRRTRRRT,10
RPRRWRRRRR,10
RPRWRRWRRR,10
RPWRPWRRRG,10
RPWRRRRRPW,10
RPWRRWRRRR,10
RPYRRRRRRG,10
RQFGPDFPTI,10
RQFGPDWIVA,10
RQQPPDLVEF,10
RQRRRRRRRR,10
RQWGPDPAAV,10
RREKIERRQQ,10
RRERSRERDK,10
RRFWRRRRYR,10
RRGRRRRRRR,10
RRLRRRGRRR,10
RRNVWNYRRL,10
RRPARRCRRR,10
RRPARRYRRR,10
RRPRRRRPYR,10
RRQRRRRRRR,10
RRRFRRRRAR,10
RRRFRRRRRR,10
RRRRAAFRRR,10
RRRRAAYRRR,10
RRRRARWRRR,10
RRRRPARRRA,10
RRRRPARRRG,10
RRRRPWRRRR,10
RRRRRPRRRR,10
RRRRRRGRPR,10
RRRRRRGRWR,10
RRRRRRKRLV,10
RRRRRRPLRR,10
RRRRRRPRRT,10
RRRRRRPRVR,10
RRRRRRRRMR,10
RRRRRRTLVV,10
RRRRRRWRRR,10
RRRRRRWRRW,10
RRRRWPRRRR,10
RRRSRRWRRR,10
RRRWRRRRAR,10
RRRWRRRRRR,10
RRRWRRWRAR,10
RRRWRRWRPR,10
RRRWRRWRRQ,10
RRRWRRWRRR,10
RRRWRRWRTR,10
RRRYRRGRRR,10
RRRYRRRRRR,10
RRRYRRWRRR,10
RRVARRHRRR,10
RRVRRRGRGW,10
RRVRRRRRRR,10
RRWRRRGRRR,10
RRWRRRPRRW,10
RRWRRRRRAW,10
RRWRRRRRRL,10
RRWRRRRRRR,10
RRWRRRRRVW,10
RRWRRRRRWR,10
RRYIRRRRLR,10
RRYIRRRRRK,10
RRYLRRRKRR,10
RRYRRRLRRR,10
RRYRRRRRRT,10
RRYYRRRLRR,10
RSARRRPRRR,10
RSGKPRGYAF,10
RSHRRRGLLT,10
RSLKMRGQAF,10
RSPTLGASNR,10
RTARRARRRR,10
RTLGPSQEET,10
RTRRRRPRRR,10
RTRRRRRLPV,10
RTWRRRPRRA,10
RTYGRRRRRR,10
RTYIRRRRRR,10
RTYLRRRLKK,10
RTYRRRRPLR,10
RVALTEDRLP,10
RVRRRRGRWR,10
RVRRRRPRRT,10
RVRRRRRRRV,10
RVRRRRRTRR,10
RVRRRRRWRR,10
RVVHLYRNGK,10
RVYLRRRRRR,10
RVYYKRRRRK,10
RWGRRRGRLR,10
RWGRRRRRPW,10
RWGRRRRRRR,10
RWPARRWRRR,10
RWPRPARRRP,10
RWPRRSRRRP,10
RWPRSARRRP,10
RWRRPYRRRR,10
RWRRRGRRRR,10
RWRRRPRRRR,10
RWRRRRPRWR,10
RWRRRRRRPR,10
RWRRRRRRRL,10
RWRRRRRRRP,10
RWRRRRRRRV,10
RWRRRRWRRR,10
RWRRRWRRRR,10
RWRRWGRRRT,10
RWRRWGRRRV,10
RWRRWPARRW,10
RWRRWPRRRW,10
RWRRWRRRRG,10
RWRRWRRRRP,10
RWRRWRRRRR,10
RWRRWRRRRT,10
RYIRRRRLRR,10
RYRGRRVRRR,10
RYRPRRRRRR,10
RYRRRRRRGR,10
RYRRRRRRTR,10
RYRRWRRRRR,10
RYVSRRRRRR,10
SARIPCFLAG,10
SDDNYDKTED,10
SEEPSPYQQY,10
SFQQPQQQYP,10
SGQGFFQPSQ,10
SGSGPVRITG,10
SHLVEALYLV,10
SHPPVEGSYA,10
SIFFAVVLEL,10
SIYAYDNFGV,10
SLCINLRAAR,10
SLLGQLSGQV,10
SLNYSGVKEL,10
SLPGPPRPGM,10
SLQDVPLAAL,10
SLQKRGIVEQ,10
SLQPLALEGS,10
SLTRDDAEYL,10
SLYHVYEVNL,10
SPGGGGGGGG,10
SPRSGDLSVY,10
SPSPTPTPGP,10
SPTPTPGPSR,10
SQPQQPISQQ,10
SQQPYLQLQP,10
SRCQVCMRRT,10
SRERDKERER,10
SRKPEAPRRR,10
SRRGPSLGAS,10
SRYDERPGPS,10
SSPGGGGGGG,10
SSQVLQQSTY,10
SSTSGGGGGG,10
SSVPGVRLLQ,10
STDPSVLGKY,10
STKQAAFKAV,10
STTIAPFGIF,10
SVAGRKRLRW,10
SVFQQGMKNK,10
SVHSLHIWSL,10
SVKKCLFEKC,10
SVYSRGRRGA,10
SWGAEGQRPG,10
SYVTTSTRTY,10
TEAFLAEMEK,10
TGGGGGAGGG,10
TGIARVPLAG,10
TGILDSIGRF,10
TGLGPEKTSF,10
TIAPFGIFGT,10
TIQKSSLDQL,10
TIRYRRRLSF,10
TKAAEKQMKD,10
TLLLEGVMAA,10
TLSKPSPMPV,10
TLTFTLNKLR,10
TMDHARHGFL,10
TPRVTGGGAM,10
TPTPGPSRRG,10
TQDENPVVHF,10
TRPGMTRPDR,10
TRYARRRRVR,10
TTGILSILFY,10
TTLITNLSSV,10
TVRARKRLRF,10
TWDPAQPPRD,10
TWNDTYGSNN,10
TWRIPSRKRR,10
TWTYDGSVVA,10
TYGIVLLSGV,10
TYRRRRPLRW,10
TYRRRRWRRR,10
VAKKDNKVAV,10
VCGERGFFYT,10
VDLMTIRSCR,10
VETDKATVGF,10
VGGEALGRLL,10
VIRLLLASGA,10
VIVVRNRRLG,10
VKDEPQRRSA,10
VLHSAFEVGA,10
VLLPAVDFSL,10
VLQESTYQLV,10
VLSPADKTNV,10
VMIIVSSLAV,10
VMNILLQYVV,10
VMRQQCCQQL,10
VPHQYSSRQV,10
VPLPAENVTI,10
VPNPRTSNEV,10
VPQLQLQNPS,10
VPVPQLQLQN,10
VRVPVPQLQL,10
VTASKAIIEK,10
VVHFFKNIVT,10
VVSEPLGRNS,10
VYRRYGEEYG,10
VYYKRRRRKT,10
WDGERLYQEA,10
WFTSWERDWW,10
WGAEGQRPGF,10
WIRRSPSRGL,10
WMRLLPLLAL,10
WNPDDYGGVK,10
WPPSFWYHPQ,10
WQIPEQSRCQ,10
WRLEEFGRFA,10
WRRRAAARRW,10
WRRRRARRRG,10
WRRRRRRRWR,10
WSGYFRELVG,10
WSTVLSTYHF,10
WTPGVKRNGF,10
WVAMHPQGDL,10
WWATFFEATR,10
WWNMFQMGVV,10
WWRRWPRRRR,10
WYIPPLSPVV,10
YCDYCDTYLT,10
YDERPGPSPL,10
YFKEQFLDGD,10
YGANYIAVMP,10
YGCWKGLVGR,10
YGDDFISCMP,10
YGTDYISVMP,10
YGTNYIAVMP,10
YICCRKRLRA,10
YIKEDEALPS,10
YIRRRRLRRR,10
YIRRRRRKKK,10
YIRRRRRRKK,10
YIVLRRRRKR,10
YLGGPDFPTI,10
YLQLQPFPQP,10
YMLDLQPETT,10
YPFILPHQQV,10
YPLERGFIYV,10
YPQPQPFLPQ,10
YPQPQPFPSQ,10
YPSGQGFFQP,10
YPSQPPVTTV,10
YQFGPDFPIA,10
YRSYNDSVDP,10
YSCRHGYELQ,10
YSNIDSCDIK,10
YTCPLCRAPV,10
YTDVPFHNQY,10
YTYVRKRRKR,10
YVKLFPNSLD,10
YVRLRQRLCR,10
YVSKRRRFRR,10
YVSRRRRRRR,10
YVSRRRRRRY,10
YVSRRRRYRR,10
YVSSRRRRRY,10
YVYLRQRRDL,10
YVYVRGRGRG,10
YYPRRRRFWR,10
YYQKWMEEQA,10
YYYRRRRRPR,10
AAAAAGQIHHV,11
AEFPSRGKSSS,11
AGAAGGGGAGR,11
AGGFDPWGQGT,11
AGGGAGGAAGA,11
ALDDWGQGTLV,11
ALLRNLGKMTA,11
ALMEGGENGPW,11
ALMLAISHGRQ,11
ALWGPDPAAAF,11
APAKCSAPSSA,11
APGKGLEWVAV,11
ARGLTGRPGDA,11
AVAGGFDPWGQ,11
AVEKVKRTKDE,11
CHAVKVGNPSC,11
CLELAEYLYNI,11
CNLWEVMHGTC,11
CPRDLNGKSGC,11
CSIGEALSHGC,11
DAAGTIHDYVV,11
DAGPQGKVGPS,11
DAKTSVSQNVI,11
DANPYDSVKKI,11
DASETTSTRKI,11
DAYSIQGQHTI,11
DDWGQGTLVTV,11
DEEMSNSTSVI,11
DENPVVHFFKN,11
DFWSGYFRELV,11
DFWSGYYRDQY,11
DGSNKYYADSV,11
DHGLPGYNAWR,11
DPAQPPRDLTE,11
DTGILDSIGRF,11
DWGQGTLVTVS,11
EALYLVCGERG,11
EDDDMGFGLFD,11
EEIKKTTLASA,11
EGSGYYALDDW,11
EIDFWSGYFRE,11
EITALAPSTMK,11
EPLPQGQLTAY,11
ERGLKGHRGFT,11
ERLGPLVEQGR,11
ERTAKELDTNT,11
ETDLLDIRSEY,11
ETFLKDLPIMF,11
FDSDVGEYRAV,11
FDTYRCDRNLA,11
FEGSGYYALDD,11
FFRDHSYQEEA,11
FFRDHSYQSEA,11
FGSGGGGGGTG,11
FRDQEGQDVLL,11
FVELGTQPATQ,11
FVRFDSDAASQ,11
FVSTTYSGVTR,11
FWSGYYRDQYY,11
GCSMNPARSFG,11
GFDPWGQGTLV,11
GGFDPWGQGTL,11
GGQFNFDEGTP,11
GGQGSRHQQAR,11
GGSAGGGAGGA,11
GIFEGSGYYAL,11
GIIQPEQPAQL,11
GIIQPQQPAQL,11
GKGLEWVAVIS,11
GLEPGVVAEKV,11
GLEWVAVISYD,11
GPQQSFPEQEA,11
GQGTLVTVSSG,11
GRRPFFHPVGE,11
GRTCPKPDDLP,11
GSGYYALDDWG,11
GSIYNPEVLDI,11
GSNKYYADSVK,11
GTWTYDGSVVA,11
GWISLWKGFSF,11
GWVAMHPQGDL,11
GYYALDDWGQG,11
HARLRDSGRAY,11
HFFKNIVTPRT,11
IAAKYQIDPDA,11
IAKMKGTFVER,11
IDFWSGYFREL,11
IFEGSGYYALD,11
IHPTAKVAPSA,11
IIEETKVEDEK,11
IPFEEANGRLV,11
IVPWDTLSTTQ,11
IVVYPVHGFMY,11
IWHHTFYNELR,11
IYVFHTLGQYF,11
KAAATQKKVER,11
KGLEWVAVISY,11
KIKKDELKKSL,11
KPTISVKEAFY,11
KSQMSYYDFWS,11
KSSAPSASVPA,11
KVYNEAGVTFT,11
KYYADSVKGRF,11
LASGVHGLPLL,11
LDDWGQGTLVT,11
LDTHPLPLVEV,11
LDTNADKQLSF,11
LEPGVVAEKVR,11
LEWVAVISYDG,11
LGSVAGIFNYY,11
LLIPTSFSPLK,11
LLVVYPWTQRF,11
LPDATSSHRTV,11
LPFEAENKHVI,11
LPKEASPLRVI,11
LPKQDLPGIHV,11
LPLGRKSLSFE,11
LPNSTERAITI,11
LQELEKDEREQ,11
LQPFPQPELPY,11
LQPFPQPQLPY,11
LRPIQALGTEY,11
LTSSEVATEVP,11
LVGPRGERGFP,11
MAVPETRPNHT,11
MGPPIGLPPAR,11
MKTILSNQTVD,11
MPNPSLAQVKI,11
MSYYDFWSGYY,11
MTVGKSSKMLQ,11
MWGRALRKAIA,11
MYELLQPAAIV,11
NFFRMVISNPA,11
NKPLITVTNSK,11
NKYYADSVKGR,11
NNIFMSNTYPR,11
NSPSTTPPTVT,11
NTLKTPRVGGC,11
PEVLNRALSNL,11
PFPQPQLPYPQ,11
PFPQPQQPFPW,11
PGGRPTTAPSA,11
PGIADRMQKEI,11
PGKGLEWVAVI,11
PKFEVIEKPQA,11
PPGSVVHLYRD,11
PQPELPYPQPE,11
PQPQLPYPQPQ,11
PQQPFPQQPEQ,11
PQQPFPQQPQQ,11
PSIHIWDTETI,11
PTPPGKTGPSA,11
PTRAPSGPRPP,11
QAPGKGLEWVA,11
QFQLVESGGGL,11
QGKVGPSGAPG,11
QIRETSLDTKS,11
QKERKSSAPSA,11
QLSSGVSEIRH,11
QMSYYDFWSGY,11
QPFPQPQLPYP,11
QPQQSFPEQEA,11
QPQYSQPQQPI,11
QSMDSKLSGRY,11
QVELGGGPGAG,11
RFVVSYVSAGN,11
RGIFEGSGYYA,11
RLLPLLALLAL,11
RRREGPDRSPR,11
RSLDFQATTMF,11
SAGCGGGGGAG,11
SCGDLHSVMLE,11
SDDDMGFGLFD,11
SDEDMGFGLFD,11
SGCDLEEIPLD,11
SGYYALDDWGQ,11
SLITAARGAPS,11
SLNPERMFRKP,11
SLQPLALEGSL,11
SNKYYADSVKG,11
SQMSYYDFWSG,11
SRTSGLLSSWK,11
SSNAGGGGGGA,11
STIGPEGVHQK,11
SVPEFPLSPPK,11
SYDGSNKYYAD,11
SYYDFWSGYYR,11
TELGRPSAEYL,11
TEVLKTHGLLV,11
TFIQFKKDLKE,11
TGNSKGKDINT,11
TIAPFGIFGTN,11
TIIDLPGITRV,11
TNAENEFVTIK,11
TNTTDITYVGD,11
TQKAPSSSTPS,11
TQQPQQPFPQP,11
TVDGPSGKLWR,11
TYYIKEQKLGL,11
VAGGFDPWGQG,11
VAQENHAVISI,11
VAVAGGFDPWG,11
VEALYLVAGEE,11
VGGGGGGAGIG,11
VIIFFKNVVIK,11
VLSPADKTNVK,11
VLVDVERGRTV,11
VPLAGGSQRTI,11
VPQLPHSSSHW,11
VVHFFKNIVTP,11
VVHFFKNVVIK,11
VVHFFKNVVIP,11
VVHFFKNVVTP,11
VVIFFKNVVIK,11
VVIRGNSIIML,11
VVPVAARLLLE,11
VVYPSSSQESE,11
VWRLEEFGRFA,11
WGQGTLVTVSS,11
WNGSGSGGGGG,11
WTEVPKSGKGK,11
WTEVSEVATEV,11
WTTGTISSQRF,11
YAFDEAFVREV,11
YALDDWGQGTL,11
YAVAVVKKDSG,11
YDESGPSIVHR,11
YDFWSGYYRDQ,11
YDGSNKYYADS,11
YEMPSEEGYQD,11
YGEEYGNLTRP,11
YPIEIDPHRTV,11
YPMYSRDYVYV,11
YPSSVNSARTV,11
YTERDASGMLY,11
YVFNTASLVYH,11
YVNGLTLGGQK,11
YYADSVKGRFT,11
YYDFWSGYYRD,11
AAEQNKEAIRSA,12
AAGAVMRGFVFT,12
AALEKLNKELEE,12
AALGKQASFSGS,12
AALWGVKVRHVS,12
AAVACTFPQPFP,12
ADAVYLPEQQPF,12
AEVSLQEQPPEQ,12
AFIKATGKKEDE,12
AFLQDVMNILLQ,12
AGEYDHLPEQAF,12
AGFKGEQGKGEP,12
AHGRSQVLQQST,12
AHITNNEQPEQP,12
AIAYHLLKDYDM,12
AKFEELNMDLFR,12
AKKQVEKALEEA,12
AKNPPTLIWKHT,12
AKVAIVIARFNS,12
AKVSSLIERISD,12
ALEEQLQQIRAE,12
ALLALWGPDPAA,12
ALLVEPPFPPEQ,12
ALQTLPAMCNVY,12
ALREYRKKMDIP,12
ALTVMATAGVAA,12
ALWGPDPAAAFV,12
ALWPPNLHAWVP,12
AMCNVYIPPYCT,12
ANKTSPFLMWRL,12
APEYRGRTELLK,12
APHKHKASLSIY,12
APKRPGPAGELL,12
APKTYVSVSGMV,12
AQVATISANGDK,12
ARGLTGRPGDAK,12
ARKLIGDPNLEF,12
ARRGMFSPYQSN,12
ASMLSKHTAFSS,12
ASREAKKQVEKA,12
ASSAPSTAVAQS,12
ASTGYQQPEPFP,12
ASTNTSNKSDTN,12
ASVSTVLTSKYR,12
ATCRFYTLDSIK,12
ATGMEVGWYRPP,12
ATVRQKLQDETN,12
AVADICKKYKIW,12
AVEENQESTPVV,12
AVILPPLSPYFK,12
AWCPADFPEEQP,12
AWKRAEAIESSL,12
AYAKDVKFGADA,12
AYAMMIARFKMF,12
CILYEKEQPFPE,12
CLILLDQPEPFP,12
CNEKLLKKARIC,12
CQRVKYQPEPEQ,12
CRLLLCPEQPEQ,12
CTVLRCFPQEQP,12
CWVFAAFPQQPE,12
DAFKTLFVARVN,12
DAKIDSKLGHVV,12
DAPFVFQPFQPF,12
DAVEEGQPEPEQ,12
DCLTESNLIKVR,12
DCLTESQPFPEQ,12
DCTLSLPEQQPE,12
DEGGFTCFFRDH,12
DGSVHKFPEPFP,12
DHSPFYLSTAHY,12
DHSSADLINPVA,12
DHSYQEEAAMEL,12
DIASTNTSNKSD,12
DINTVTTVAQSR,12
DLCREKPEQEQP,12
DLLPLHEQPFPE,12
DLTIMPWSLYPP,12
DLYLENPEIKIR,12
DLYLENQPFPEQ,12
DNRRQGGRERLA,12
DPFYWVSPGVLV,12
DPGQLRLWRLAS,12
DPLIRGLLARPA,12
DQGVLLPEQQPE,12
DRVRSITLGNST,12
DSELEIKRYKNR,12
DSYEIMQGRAVV,12
DVDEPLEVFISA,12
DVRTCSSSTSVI,12
DWGAWQKFTASA,12
EAQSKRGILTLK,12
EAVEKVKRTKDE,12
EDFRDGLKLMLL,12
EDITHTEQPQPF,12
EDKGACLLPKIE,12
EDSDEDEFQITE,12
EEAAMELKVEDP,12
EEERQEEQPQPF,12
EEIAQVATISAN,12
EEIRNLALQTLP,12
EETGMAPFPEQP,12
EEYVCRFPEPFP,12
EGAGLTQPEPEQ,12
EGDLSTQPFQPF,12
EGDWTAPEQEQP,12
EGPSTGPRGQGD,12
EIIEETKVEDEK,12
EIINWLDKNQTA,12
EIPDPVFPQQPE,12
EKLVVRPEQQPE,12
EKPCLEKPKKKK,12
EKYRDCFPEPEQ,12
ELETNGPFPQPF,12
ELKVEDPFYWVS,12
EMIWNFPFPEQP,12
ENFDDYMKALGV,12
ENPEIKFPQPFP,12
EPLEVFISAPRS,12
EPVINSQPEPEQ,12
EQAGGAFITGAR,12
EQPEQPAHITNN,12
EQPEQPVRRGQP,12
EQPFPEVIIGPA,12
EQPLQNPLPQPF,12
EQPLRRWKNPEQ,12
EQPLTEEQKQPE,12
EQPLTQQGFEQP,12
EQPMAEELVFPE,12
EQPNAPIGLPFP,12
EQPNGILGPEQP,12
EQPNIPWNFPFP,12
EQPNVIIGPFPE,12
EQPPEQAEVSLQ,12
EQPQPFVVDWIQ,12
EQPQSMNMGPFP,12
EQPRAIKEGQPF,12
EQPRDCSRRPEQ,12
EQPSGMVNCEQP,12
EQPSLQLTTFPE,12
EQPSSEEREPFP,12
EQPTFTVEGPFP,12
EQQRGKGSFPAM,12
ESDKLKQPFPEQ,12
ESEGKGSTFAKA,12
ESNLIKPEQQPF,12
ETSLSAAGNSII,12
ETYENIPGQSKI,12
EVENAVLGKDFK,12
EVKLGDYKNLVV,12
EVKLSDYKGKYV,12
EWLKVKILPEVK,12
FDVFAHPFPFPQ,12
FEDGILEQPPEQ,12
FEGRNYFPEFPQ,12
FFKNIVTPRTPP,12
FFRMVISNPAAT,12
FGNDGSNFGGGG,12
FHQPTYDYTVSR,12
FKNIVTPRTPPP,12
FKPKHVKAYVRP,12
FLGVAYGATRYN,12
FMDIASTNTSNK,12
FNRRFMENSSII,12
FPEFPEVVNFES,12
FPELAEKEEQPE,12
FPELCARTVPFP,12
FPELTLHFEFPE,12
FPEMGSDFDQPF,12
FPENFHCWVPEQ,12
FPENSYLLAPEQ,12
FPEPAPSQEQPF,12
FPEQPEYGDGVS,12
FPERCLGIPEQP,12
FPEREAFTREQP,12
FPLRDAPEQQPE,12
FPPQQPYPQPQP,12
FPQKVRMDLQPF,12
FPQLEGCTFFPE,12
FPQLTFSVVPEQ,12
FPQLVLERCQPF,12
FPQNGRDHHQPF,12
FPQPFPAAVACT,12
FPQPFPVSPMSW,12
FPQPGYEGWEQP,12
FPQPQLPYSQPQ,12
FPQPQQPFPWQP,12
FPQPQQQFPQPQ,12
FPQQGSAKFQPE,12
FPQQPEQPYPQQ,12
FPQQPFWLTEQP,12
FPQQPQQPYPQQ,12
FPQRNEFGEFPE,12
FPQRRSSPVFPE,12
FPQSEGTYCQPE,12
FPQSNLLIEPEQ,12
FPSQQPYLQLQP,12
FPTDQLTPDQER,12
FQQPLQQYPLGQ,12
FRDGDILGKYVD,12
FRIDSVSEGNAG,12
FSEKSVFPEQPE,12
FSISPNAVSAEE,12
FSKTEPLSPSWF,12
FSQPEQEFPQPQ,12
FSQPQQQFPQPQ,12
FSSEESNLGANN,12
FTPAVHASLDKF,12
FVLVLFAGMSGA,12
FVRFDSDAASPR,12
FVRFNSDAASPR,12
GADIKKTMEGPV,12
GALASSAPSTAV,12
GARGLTGRPGDA,12
GDEVELPCRISP,12
GDKSEMPEQFPE,12
GEEVKVPEQPEQ,12
GEGKVTLRIRNV,12
GEIQGDQPEQPF,12
GFIYQGFPQPFP,12
GFMNTNQLFFDP,12
GGAGSGGAGGTS,12
GGVAVVIGRFFG,12
GHFILLPEQQPE,12
GHPRYFNQLSTG,12
GIVEQCCASVCS,12
GIVEQCCTSICS,12
GKWLGHPDKFVG,12
GLEFSKTSSSKA,12
GLEPGVVAEKVR,12
GLTFQMKKNAEE,12
GLVGPRGERGFP,12
GLYRLSQPFEQP,12
GNDCTFEITGNT,12
GNHPKMGMLKRR,12
GNRIAQWQSFQL,12
GPCILLARDRCG,12
GPECGTFPQQPF,12
GPRHPIRALVGD,12
GQAGSPFGMIPI,12
GQVRRPEMGDQA,12
GRPKGKLGPASA,12
GRTELLKDAIGE,12
GRTTGIVMDSGD,12
GRVVSGFPQQPF,12
GRVYATRSSAVR,12
GSDIPITSRTRT,12
GSFRPSQQNPQA,12
GTGALASSAPST,12
GTKYLLPFPFPE,12
GTWICDFKSCSW,12
GVELRQLTPEQL,12
GVIKVFNDMKVR,12
GWQALDFPQPFP,12
GWYSPFQLGWPQ,12
GYRARPAKAAAT,12
HDQNSNQPFQPE,12
HHTADLQPEQPE,12
HIDVSRPWRVTG,12
HKSINRFPEEQP,12
HLILAPSIRHAP,12
HLKRYYGRILHY,12
HLNKLAPEQQPE,12
HLVMAPSVARGL,12
HMVYSKRSGKPR,12
HNIWSAPRLIFN,12
HNVVHAIILHQQ,12
HQESTRGRSRGR,12
HTQPYAYEARDH,12
HTYKYPPFPFPQ,12
HVQLAPPIALRH,12
HVVLAPNVQSPL,12
HWDPFSLSAYFP,12
HWRHWLADTAFP,12
HYNPWEQEPMMY,12
IAFKIVSQEPAG,12
IASTNTSNKSDT,12
IAVKNKAEFHQS,12
IEYFRNEQPFPE,12
IGLDLPALNMQR,12
IGSSQDDGLINR,12
IIIKHKKLGPRG,12
IILHQQQKQQQQ,12
IKIRILPFPPEQ,12
IKVRALPFPPEQ,12
ILDICLPFPFPQ,12
ILGEPKQPFQPE,12
ILLQYVVKSFDR,12
INGHNAEVRKAL,12
IPLESTDGERLV,12
IPPYCTIAPFGI,12
IPTRVVFPEEQP,12
IRALVGDEVELP,12
IRETSLDTKSVS,12
ISKLSAKFGGQA,12
ISRCQVCMKKRH,12
ISSVLAGASCPA,12
ISTPEELGLDKV,12
ITGYRITTTPTN,12
ITQNGDYQLRTQ,12
IVTPRTPPPSQG,12
KALEEANSKLAA,12
KDKATFGCHDGC,12
KDVKFGADARAL,12
KEEGSRSNLGWL,12
KFAWAIDMADED,12
KFGADARALMLQ,12
KGAREKATPFPS,12
KHMHWGTTHSVM,12
KHSVTYSCCPDT,12
KHWVYYTCCPDT,12
KHYPEVGPNGFI,12
KILPEVKEKHEF,12
KKCPKKASFASA,12
KKGAKLAALQGS,12
KKKEGKISSKTA,12
KKYKIWMHVDAA,12
KLCALLYGDAEK,12
KPMRIQYAKTDS,12
KQQKTENGAGDQ,12
KSAPSASASPTE,12
KTGHPRYFNQLS,12
KYLPGPLQDMFK,12
KYVPAIAHLIHS,12
LASVSTVLTSKY,12
LCCQHLWQIPEQ,12
LGAGAAGGGGAG,12
LGEFVSETESRG,12
LGQGSFRPSQQN,12
LGQQQPFPPQQP,12
LHAYNPFLLSWP,12
LILPEAVGGTVF,12
LIQQGARVGRID,12
LITPAVVSERLK,12
LKDAIGEGKVTL,12
LLESQIATIEQT,12
LLQYVVKSFDRS,12
LPAPVTPQPRSI,12
LPCRISPGKNAT,12
LPKETTVGAVTV,12
LPMIWAQKTNTP,12
LPMSPTAMGPTI,12
LPNDVFREAQRS,12
LPYWNFATGKNV,12
LQQHNIAHGRSQ,12
LQQQLIPCMDVV,12
LRLLLCLLLLSS,12
LRNFYFINRLTG,12
LRQLTPEQLSTL,12
LRRGMFRPSQCN,12
LSTFQQMWITKQ,12
LTAVETGHTSQV,12
LTRAYAKDVKFG,12
LYWFTLYQFFLA,12
MAAMMIARFKMF,12
MAGASTSAGRKR,12
MASPGSGFWSFG,12
MDIASTNTSNKS,12
MEAPLNSAVPSA,12
MGPRRRSRKPEA,12
MGRGAPPPGMMG,12
MLLIPTSFSPLK,12
MQQKLVDQNIFS,12
MRTRHSTGGTNK,12
MSYNLLGFLQRS,12
MVPFIPLYRNGD,12
MYAAMIARFKMF,12
MYAMAIARFKMF,12
MYAMMIARFAMF,12
MYAMMIARFKMF,12
MYAMMIERFKMF,12
MYEMMIARFKMF,12
NALTESKYVKLL,12
NCAFWLGKLYCR,12
NCSKDAKVPSPP,12
NCSWCHVLQRCS,12
NETGDEPFQYKN,12
NGNLQLRNKEVT,12
NHVQAWEQFWDS,12
NILLQYVVKSFD,12
NINSKLPIYVVR,12
NINSKPALPVAG,12
NINSKTTNVTAL,12
NKPLITVTNSKY,12
NLPNDVFREAQR,12
NMPPPHPINHYK,12
NNLPNDVFREAQ,12
NNLTQSKFLRLQ,12
NNPAPVYTHRVL,12
NNRERRGIALDG,12
NPVEHWLAVLPT,12
NQNNLPNDVFRE,12
NSPEEKQSPLSA,12
NTEGKGTAYSSA,12
NVNSKSPVERIT,12
NVRFSDEGGFTC,12
NWHQLHGKKEAY,12
NYAFLHATDLLP,12
NYPSWLHAYRLA,12
PAESGGSQPPRA,12
PAFGPALPAGGG,12
PAPIQPQQPFPQ,12
PCMDVVLQQHNI,12
PDGDAGGGGGAG,12
PDPGAGAAGGGG,12
PEQEQPWVESWM,12
PEQKNHGCQEQP,12
PEQKSVGRDQPE,12
PEQKYGQCWFPQ,12
PEQLLNLNLPEQ,12
PEQNCNDDQQPF,12
PEQNLEPFSQPF,12
PEQNYEASVQPF,12
PEQPDLQPGQPE,12
PEQPEQVDQQDC,12
PEQQPFADAVYL,12
PEQRKLVAEFPE,12
PFPEQPVVTGPA,12
PFPFPQYLDSEE,12
PFPKNAGRDEQP,12
PFPLDPTPQQPF,12
PFPLDVNPKQPF,12
PFPLKAVKGEQP,12
PFPLLFNAWPFP,12
PFPLPVALEFPE,12
PFPLQPQQPFPQ,12
PFPLSLEASQPE,12
PFPMAMRIRQPF,12
PFPNRSLIVQPF,12
PFPPEQALLVEP,12
PFPPEQWMTRPD,12
PFPPKQKRKQPF,12
PFPPQEKSEEQP,12
PFPQEAGTKFPQ,12
PFPQKTVEIPEQ,12
PFPQPFVFAEVN,12
PFPQQPEQIIPQ,12
PFPRDEREDQPF,12
PFPSVDILRQPE,12
PFPSVDSLTFPE,12
PFPSVPLCIQPE,12
PFPTATVVDQPE,12
PFPTRANHLPEQ,12
PFPWQPQQPFPQ,12
PFRPQQPYPQPQ,12
PGAGSLQPLALE,12
PGRRPFTRKELQ,12
PIEKIYNKTQRE,12
PLLALLALWGPD,12
PLYKKMEAVKLR,12
PNDVFREAQRSY,12
PPEPRPRDRSGL,12
PPFSRVVHLYRN,12
PQLPYPQPQLPY,12
PQPQLPYPQPQL,12
PQPRPQLPYPQP,12
PQQPFPQQPQQI,12
PQQPYPQQPFPQ,12
PQYSQPQQPISQ,12
PRPRDRSGLAPK,12
PRTEWQLNAHRD,12
PSNSASVPALTA,12
PSQQQPQEQVPL,12
PSSQVSFQQPLQ,12
PTARSVGAADGS,12
PTLAFLQDVMNI,12
PTPIQPQQPFPQ,12
PYNVKQIKTTNA,12
PYSQPQPFRPQQ,12
QAFPQPQQTFPH,12
QAGGAYLKSIPR,12
QAGWRTHTTHPY,12
QCCASVCSLYQL,12
QCCTSICSLYQL,12
QDGDQAPEYRGR,12
QEQVPLVQQQQF,12
QFIQPQQPFPQQ,12
QFNPKFMTFASA,12
QFRVIGPRHPIR,12
QGFPFYDKPMRI,12
QGIIQPQQPAQL,12
QGSVQPQQLPQF,12
QHNKSPNLYWRS,12
QHNVSRPWVLFT,12
QILQQILQQQLI,12
QKQQQQPSSQVS,12
QKSQRSQAENPV,12
QKSQRSQDENPV,12
QLHDDYFYHDEL,12
QLQPFPQPELPY,12
QLQPFPQPQLPY,12
QLQPFSQPQLPY,12
QLQPQNPSQQQP,12
QNNLPNDVFREA,12
QNPNLHKSLASS,12
QNVNSKYTLNHA,12
QPEEQPTVSYNG,12
QPELHKLVVQPE,12
QPELLGRWDQPE,12
QPENNTAEEFPE,12
QPEPFPASTGYQ,12
QPEPVPVRAFPQ,12
QPEPVYVGRFPE,12
QPEQPEYPEGSS,12
QPEQPEYQGSSF,12
QPEQPFVNADVV,12
QPERCDLELQPF,12
QPESFVLGHPEQ,12
QPESTKYDAQPF,12
QPETKARFPQPE,12
QPFEQPVVTNYN,12
QPFFPQTTPANA,12
QPFLAERDLFPE,12
QPFLHMGLHQPE,12
QPFNFGQFEEQP,12
QPFPEQYCCGPV,12
QPFPFPWDNNYG,12
QPFPKFLKNQPE,12
QPFPQPQLPYPQ,12
QPFPQPQQPFPL,12
QPFPQPQQPFPW,12
QPFPQPQQPIPQ,12
QPFPQPQQPIPY,12
QPFPQPQQPTPI,12
QPFPQPQQQLPL,12
QPFPVEAGEFPE,12
QPFQEYVLTFPQ,12
QPFQPEYNSAHD,12
QPFSWIGSVFPQ,12
QPLAEDSGLHII,12
QPPDLSSIVHQI,12
QPQQSFPQQQRP,12
QQNPQAQGSVQP,12
QQPISQQILQQI,12
QSEQSQQPFQPQ,12
QVGPSGQVEWPQ,12
QYPLGQGSFRPS,12
RALEEANADLEV,12
RALVGDEVELPC,12
RAVALYFIDKLA,12
RCRLCDEGHGLE,12
RDATKITLAPSS,12
RDRSGLAPKRPG,12
REDNPKGRQAAR,12
REWIKFAAACRE,12
REWVKFAKPCRE,12
RFDSDVGEFRAV,12
RHFPNDYNPFLL,12
RIGHVGARPSRH,12
RIRVGQSMNMGS,12
RLDNRYQPMEPN,12
RLIAFTSEHSHF,12
RLNNSKQGFIGA,12
RLRPPEPRPRDR,12
RMTWDPAQPPRD,12
RNGKDQDGDQAP,12
RPFYQGPVGDPD,12
RRDLDASREAKK,12
RRILEAKQKGFV,12
RSGPSNSASVPA,12
RSITLGNSTITT,12
RTALLDAAGVAS,12
RVVINKDTTIII,12
SAGTGALASSAP,12
SAIGIYLGRFLR,12
SASVPALTAVET,12
SCNYHGRTLTCW,12
SCNYHHTYLTCW,12
SCQLVRTIWSCS,12
SCRRIKQAFQGA,12
SEEELKTHISKG,12
SEESAEVATEEV,12
SFDRSTKVIDFH,12
SFMDIASTNTSN,12
SFSQQPQQPFPL,12
SGGLRLLLCLLL,12
SGLAPKRPGPAG,12
SGQGSFQPSQQN,12
SGTASKMAPVSA,12
SHMPLANQYQWA,12
SLEKKMSNYIQF,12
SLGSKMDISRPW,12
SLMVSPWPLHGV,12
SLPPWYSPFKLD,12
SLQPLALEGSLQ,12
SLVSKGTLVQTK,12
SNINSRMDTKID,12
SNLQHIRRDVRP,12
SPGKNATGMEVG,12
SQCQAIHNVVHA,12
SQIATIEQTAPS,12
SREAKKQVEKAL,12
SRFYPDLPGQAK,12
SSAPSTAVAQSA,12
SSKFQVDNNNRL,12
SSPGRGGGGGGR,12
SSVISQHSKGSK,12
SSYAGQFRVIGP,12
STLSESKVNRLL,12
STNTSNKSDTNM,12
STVLSGVPTGAT,12
SVAALSCLMLVA,12
SVLTQSVKNNTQ,12
SVSVGMKPSPRP,12
SYPVQPQQPFPQ,12
TAQDISRPWWFP,12
TARAWCQVAQKF,12
TCFFRDHSYQEE,12
TDKTPFLLWRVH,12
TFIQFKKDLKES,12
TGALASSAPSTA,12
TGYGSKTSLASS,12
TIMDISRTWTKV,12
TISKGAAPSASS,12
TKQMVQMRRKLE,12
TLRIRNVRFSDE,12
TMMQTMSFLRGF,12
TNRRGRGSPGAL,12
TNTLTPHKLQML,12
TPQQDLYDIMYD,12
TQEGGKKAALGA,12
TQGLKYWYPVWS,12
TRKDINTVTTVA,12
TSAPGRGGRGGG,12
TSSTTKSPASSA,12
TSVFDKLKHLVD,12
TVETQNLEGLHH,12
VALDSSSAIISQ,12
VDLEPTVIDEVR,12
VDWIILQCAEDI,12
VEESKDAGIRTL,12
VETGHTSQVTPS,12
VGRATPPPGIMA,12
VGWYRPPFSRVV,12
VHLTPEEKSAVT,12
VIQVGGSNVLDI,12
VKEKGMAALPRL,12
VLGAGRGPLVNA,12
VLNGGKYSFGTA,12
VLQQSTYQLLQE,12
VPALTAVETGHT,12
VPKDVNAAIATI,12
VPQKYWWLSDHT,12
VPSTSSSSSVLA,12
VQQQQFLGQQQP,12
VSSAKEKSSPSA,12
VTDDSSFLGGGG,12
VTVFPIGIGDRY,12
VVDLMAHMASKE,12
VVHLYRNGKDQD,12
VVKVGGSSSLGW,12
VVLEGGIDPILR,12
VVPKYWWSAELP,12
VYSKRSGKPRGY,12
WANKQPTIIWRS,12
WESYPFRVGTSL,12
WHAPQTPYWASM,12
WHDDNPFFFEAP,12
WHEAQPSPGLLR,12
WHIPPNIGRTFS,12
WHQTYTSSLWES,12
WHTQPAHVVTPM,12
WHTSDPLPPAQP,12
WHWRQPTWLQVI,12
WMSYPDRTLRTS,12
WQIPEQSQCQAI,12
WQVKSGTIFDNF,12
YDESGPSIVHRK,12
YLIQPDSSVKPY,12
YLQLQPFPQPQL,12
YLQMNSLRVEDT,12
YLQMNSVRAEDT,12
YPQPQPFPSQQP,12
YQLLQELCCQHL,12
YSNKTPHLQWRL,12
YSPYQPQQPFPQ,12
YVGKKQLVEIEK,12
YYKVDENGKISR,12
AASEEKPLGVGEM,13
AEGGGVRGPRVVE,13
AEPPPPPPEPARI,13
AEVETDKATVGFE,13
AGEGSFQPSQENP,13
AGFKGEQGPKGEP,13
AGWLADGSLRYPI,13
AGWLADQTVRYPI,13
AGWLADRSVRYPI,13
AGWLARRSVRYPI,13
AKAVKQFEESQGR,13
AKGTTGFEAHVDK,13
AKSIDLKDKYKNI,13
ALKRQGRTLYGFG,13
ALREYRKKMDIPA,13
ALTNGIYPHKLVF,13
ALVREGLRNVAAG,13
APAPTARNKLTSE,13
AQPQQSFPEQERP,13
ARALMLQGVDLLA,13
ARARGSGSGRGRG,13
ASVDLKNTGREEF,13
ATVLARSIAKEGF,13
AVEEGIVLGGGCA,13
AVGLNRRLRNLTN,13
CAYQAEPNTCATA,13
CNSRQTDREDELI,13
CPAGWISLWKGFS,13
CPHGWISLWKGFS,13
CPLNIGSQGSTDY,13
CTVIVMLTPLVED,13
DAHTKEIDLVNRD,13
DAYVLLSEKKISS,13
DDIMMSYAAKGFV,13
DEWVKPKDMLGPK,13
DGTTTATVLARSI,13
DGVIKVFNDMKVR,13
DKERLAALGPEGA,13
DLPSEASASTAGP,13
DLSQVAAISNDLK,13
DPVVHFFKNIVTP,13
DQFEFALTAVAEE,13
DTNADKQLSFEEF,13
DTNLASSTIIKEG,13
DTSEYIISCHPVG,13
DTYNLDTDTISKG,13
DVEVNEKKDRVTD,13
DWIHIDTTPFAGL,13
EALSTLVLNRLKV,13
EEEDDDMGFGLFD,13
EEEDEDMGFGLFD,13
EESDDDMGFGLFD,13
EHRMTWDPAQPPR,13
EIGNIISDAMKKV,13
EIIKRTLKIPAMT,13
EKEKLNERLAKLS,13
EKKDRVTDALNAT,13
ELVLMSYRDKLVL,13
ERDRKREKRKPKS,13
ERPLELRVRVLDI,13
ETRILLQGTPVAQ,13
ETTEESLRNYYEQ,13
ETYGEMADCCAKQ,13
EVAIHQESRAADL,13
EVYFAERVTSLGK,13
EWVHIDTTPFASL,13
FFYTPKTRREAED,13
FFYTPMSRREVED,13
FITADHLIEKLRT,13
FKADEKKFWGKYL,13
FPQPQQQFPQPQQ,13
FPQQPQQPFPQQP,13
FPQQPQQPYPQQP,13
FSETGAGKHVPRA,13
FSWGAEGQRPGFG,13
FVAQNKIDSLNLD,13
FVRFDSDAASQRM,13
FWYIPPSLRTLED,13
FYLKNVQTQETRT,13
GAHGDTTPEYQDL,13
GDNRKNQLKDMAI,13
GEEGLTLNLEDVQ,13
GELTSSEVATEVP,13
GFWEALGGKAAYR,13
GGAKRHRKVLRDN,13
GGRRLFFVKAHVR,13
GIFVIQSESLKKC,13
GIMAPPPGMRPPM,13
GIVEQCCTSICSL,13
GKPMIIYKGGTSR,13
GMKFDRGYISPYF,13
GNIVYEKNCRNEA,13
GPDPSSPAFRIED,13
GPIYNYKDTIVFK,13
GPKGRTVIIEQSW,13
GQILDILVSRSLK,13
GQSGYYPTSPQQS,13
GRGKAAILKAQVA,13
GRGRGRGRGGPRR,13
GRGRGRGRGRGRG,13
GRPGRRGRPGLKG,13
GRWRGRGRSKGRG,13
GSFINISVVGPAL,13
GTGASGSFKLNKK,13
GVIKVFNDMKVRK,13
GVYATRSSAVRLR,13
GYVRDETVRAAPY,13
HCLGKWLGHPDKF,13
HPTDALSEDLLSI,13
HVIQVSNEVVTDD,13
IAFTSEHSHFSLK,13
IAKYEIMDGAPVK,13
IIVILSPLLNAQN,13
IKELYLICGEDKW,13
ILPVGAANFREAM,13
IPSTVKAGELEKI,13
IQQYIYKQEPVQK,13
IREADIDGDGQVN,13
ISDAMKKVGRKGV,13
ISKGANPVEIRRG,13
ISLWKGFSFIMFT,13
ISWYDNEFGYSNR,13
ITANATEPQKAEN,13
IVLGGGCALLRCI,13
IVTPRTPPPSQGK,13
KAPGFGDNRKNQL,13
KAVLTIDEKGTEA,13
KCEFQDAYVLLSE,13
KDFLRNLVPRTES,13
KDYYQKWMEEQAQ,13
KELLQSYVSKNNN,13
KERLAALGPEGAH,13
KFAGRNFRNPLAK,13
KFGADARALMLQG,13
KGDKAQIEKRIQE,13
KGGYTLVSGYPKR,13
KGIIDPTKVVRTA,13
KGVITVKDGKTLN,13
KKQSKPVTTPEEI,13
KKVGRKGVITVKD,13
KLSDGVAVLKVGG,13
KMSLLQYIVKNKI,13
KNAGVEGSLIVEK,13
KNIGAKLVQDVAN,13
KPNMIDAATLKSR,13
KVKSKKREAVAGR,13
KVVPEMTEILKKK,13
LDFLKAVDTNRAS,13
LEIANAHRKPLVI,13
LEILAEHVHMSSG,13
LGEGSFQPSQENP,13
LGEYKFQNALLVR,13
LGQQQPFPPQQPY,13
LKAVKMTLKNREP,13
LKDKYKNIGAKLV,13
LKKYLYEIARRHP,13
LKVGLQVVAVKAP,13
LLSRNTGEVRTLT,13
LLVIVELIPSTSS,13
LNETGDEPFQYKN,13
LPFPQPQQPFVVV,13
LPSYEEALSLPSK,13
LPYPQPQLPYPQP,13
LQLQPFPQPQLPY,13
LQPFPQPQLPYPQ,13
LSEKKISSIQSIV,13
LSFPTTKTYFPHF,13
LVEALYLVCGEEG,13
LVEALYLVCGERG,13
LVILPMFHVSGLS,13
LVLNRLKVGLQVV,13
MASAARLTMMWEE,13
MDRPRTPPPSYSE,13
MFPEVKEKGMAAL,13
MGPKRRQLTFREK,13
MIHVGLLLRLTFC,13
MKGVVCTRIYEKV,13
MKLGTWTYDGSVV,13
MLLKGKGDKAQIE,13
MNILLQYVVKSFD,13
MPREDRATWKSNY,13
MQQKLVDQNIFSF,13
MSLLNKPKSEMTP,13
MVKVLDAVRGSPA,13
MVWESGCTVIVML,13
NATRAAVEEGIVL,13
NEEAGDGTTTATV,13
NERLAKLSDGVAV,13
NFFRMVISNPAAT,13
NFIRMVISNPAAT,13
NFMESGEWVIKES,13
NFNKSAPELKTGI,13
NPAATHQDIDFLI,13
NPVEIRRGVMLAV,13
NTHLKAVKMTLKN,13
PAYIATQGPLSHT,13
PEFSGLPSGIAEV,13
PFPLQPQQPFPQP,13
PFPQPQLPYPQPQ,13
PFPQQPQQPFPQP,13
PFPQQPQQPYPQQ,13
PGKVGPKGPMGPK,13
PIILPLWHVGEPG,13
PIILPLWHVGMND,13
PIPQQPQQPFPLQ,13
PKVTKDGVTVAKS,13
PKYVKQNTLKLAT,13
PKYVKRNTLKLAT,13
PLFSHLQNEQWVD,13
PQQPFPQPQQPFP,13
PQQPFPQQPQQPF,13
PQQTFPQQPQLPF,13
PRGMGAHSPGQNQ,13
PSLSYEPALLQPY,13
PTFGRSFTLASSE,13
PTKVVRTALLDAA,13
PVDLSKWSGPLSL,13
PVILPQWQSLGNR,13
PVQLSNQWHVVGA,13
PVTTPEEIAQVAT,13
PYALGKEERDRYR,13
PYVLLAYIVKSVG,13
QAFPQPQQTFPHQ,13
QALGITTKISRGT,13
QAMNILYQTVQAF,13
QAPQQSFPEQERP,13
QDFTNRINKLKNS,13
QEGYYPTSPEQSG,13
QEGYYPTSPQQSG,13
QEPSDSPMFIINR,13
QHLQKDYRAYYTF,13
QIEKRIQEIIEQL,13
QKIGIEIIKRTLK,13
QLFPLPQQPFPQP,13
QLPYPQPQLPYPQ,13
QPFPQPQQPFCQQ,13
QPFPQPQQPFPLQ,13
QPFPQPQQPFPQS,13
QPFPQPQQPFPWQ,13
QPFPQPQQPFRQQ,13
QPFPQPQQPFSQQ,13
QPFPQPQQPFSWQ,13
QPFPQPQQPIPQQ,13
QPFPQPQQPIPVQ,13
QPFPQPQQPIPYQ,13
QPFPQPQQPTPIQ,13
QPFPQPQQQFPQP,13
QPFPQPQQQLPLQ,13
QPLALEGSLQSRG,13
QPQLPFPQQPQQP,13
QPQQPIPVQPQQS,13
QQAQQSFPEQERP,13
QQFPQPQQPFPQQ,13
QQGYYPTSPEQSG,13
QQGYYPTSPQQSG,13
QQPAQSFPEQERP,13
QQPQQAFPEQERP,13
QQPQQSFPEAERP,13
QQPQQSFPEQARP,13
QQPQQSFPEQEAP,13
QQPQQSFPQQQRP,13
QQYLPLPTPKVIG,13
QSVLTQSPSASAS,13
QVGKFPEDFESCD,13
QVVAVKAPGFGDN,13
QYMRADQAAGGLR,13
RCIPALDSLTPAN,13
REAVAGRGRGRGR,13
REIFNMARDQRSR,13
REILPQYQLVILA,13
RERKEELRGGGGD,13
RGLLARPAKLQVQ,13
RGQGDGGRRKKGG,13
RGRGRGRGRGRGG,13
RGRGRGRGRGRGR,13
RGYISPYFINTSK,13
RIEGSNKVPVDPA,13
RKIVGAMVQIITY,13
RLLLPGELAKHAV,13
RQLVHFVRDFAQL,13
RQVDARRNVPQND,13
RRGVMLAVDAVIA,13
RSFTLASSETGVG,13
RSIAKEGFEKISK,13
RSVLLTLVALAGV,13
RTALLDAAGVASL,13
RTELLKDAIGEGK,13
RVLNIDLLWSVPI,13
RYHRFKELSTLRR,13
RYSVDIPLDKTVV,13
SAAIAAMQKFYGL,13
SAEGSFQPSQENP,13
SAVRARSSVPGVR,13
SFYLSRDPDAQPG,13
SGEASFQPSQENP,13
SGEGSAQPSQENP,13
SGEGSFAPSQENP,13
SGEGSFQASQENP,13
SGEGSFQPAQENP,13
SGEGSFQPSAENP,13
SGEGSFQPSQEAP,13
SGPLKAEIAQRLE,13
SGQGSFQPSQQNP,13
SICSLYQLENYCN,13
SIVPALEIANAHR,13
SKKREAVAGRGRG,13
SLYHVYEVNLVSE,13
SPMYSIITPNILR,13
SQMLWGFSFAMFT,13
SSLNLRETNLDSL,13
STQKETLEREVQN,13
SYLKDSDFLDAAL,13
SYLQDSDPDSFQD,13
TAFQYIIDNKGID,13
TDIPPCPHGWISL,13
TFMESGEWVMKDY,13
TGKNKWFFQKLRF,13
TIPQQPQQPFPLQ,13
TKDDAMLLKGKGD,13
TLKIPAMTIAKNA,13
TLNLEDVQPHDLG,13
TLYLQMNSLRAEN,13
TRFHNQSELKDFG,13
TSSTSYNRGDSTF,13
TTLLPQWRVSAFV,13
TVIIEQSWGSPKV,13
TVIVMLTPLVEDG,13
TVYRICVTNRGSA,13
TYILIDMVLNRMA,13
VADFESLSRIVDD,13
VAGRGRGRGRGRG,13
VARKSAPATGGVK,13
VAVLKVGGTSDVE,13
VAVTMGPKGRTVI,13
VCGERGFFYTPKA,13
VDAQGTLSKIFKL,13
VDPENFRLLGNVL,13
VEALYLVAGEEAE,13
VEALYLVAGEELG,13
VEELYLVAGEEGC,13
VEELYLVCGEEGG,13
VEIRAEGNSRFTY,13
VEPKVKSKKREAV,13
VEQCCTSICSLYQ,13
VGYDDQESVKSKV,13
VHFFKNIVTPRTE,13
VHFFKNIVTPRTP,13
VHFFRNIVTARTP,13
VHLKNASRGSAGN,13
VIAELKKQSKPVT,13
VILLNYVLKSLTR,13
VIVELIPSTSSAV,13
VIVMLTPLVEDGV,13
VKEIDIAATLEHV,13
VNMVEKGIIDPTK,13
VPPEWKALTDMPQ,13
VPQNQNGKSKGYA,13
VSMNTHLKAVKMT,13
VTKYITKGWKEVH,13
VVHFFKNIVTAAA,13
VVHFFKNIVTAKA,13
VVHFFKNIVTKAA,13
VVHFFKNIVTPRT,13
WDRETQICKAKAQ,13
WVPYINGKFKKDN,13
YAKDVKFGADARA,13
YANETCCDFFTNQ,13
YDYTICGDSEDMV,13
YKMFPEVKEKGMA,13
YKYFPEVKTKGMA,13
YNPYTRSIQILKD,13
YNQYSQRYHQRTN,13
YQKVVAGVANALA,13
YTFLNFMSNVGDP,13
AACDPRHGRYLTVA,14
AAQNVHFWKALNQL,14
AAQRIHFFKNLSLL,14
ACSAVTVYIYFNTW,14
AETMKSDQESNNAA,14
AETREERMERKRRE,14
AFIEFKADEKKEDE,14
AFRVDGDSPESRLT,14
AGKYVPAIAHLIHS,14
AGLLSTYRAFLSSH,14
AGPCILLAPDRCPG,14
AGPCILLARDRCPG,14
AGPCLLLAPDRCPG,14
AHCLRDIPQRLVNV,14
AINPESDQPDLSNF,14
ALAEEVRKLKARVD,14
ALNEDLRSWTAADT,14
ALNEDLSSWTAADT,14
ALREYRKKMDIPAK,14
APELLFFAKRYKAA,14
AQELLRVLRAQPVQ,14
AQPEQPEQPFPQPQ,14
ARGAQGPPGATGFP,14
ARGHRPLDKKREEA,14
ARSVFHFFRGTALL,14
ARWELNLEPLYGPY,14
ASHFEQMAAASMHR,14
ASQKRPSQRHGSKY,14
ASREAKKQVEKALE,14
ASVDLKNTGREEFL,14
ATPFLVVRHQLLKT,14
CDEKIGWRNDASHL,14
CDLPQTHSLGSRRT,14
CNMYKDSHHPARTA,14
CSLPMIWAQKTNTP,14
CYYASRNDKSYWLS,14
DDPKYSSDEDLPSK,14
DDTLITLETDKATM,14
DEILIDIETDKVVL,14
DELLATIETDKIDI,14
DEVLVEIETDKVVL,14
DEVVCEIETDKTSV,14
DFLIEEIERLGQDL,14
DFNVGGYIQAVLDR,14
DGDLTLYQSNTILR,14
DGKDYIALKEDLRS,14
DGVIKVFNDMKVRK,14
DGVLRIQNLDQSCQ,14
DHVITNMNNNYEPR,14
DIQQFLITGDPKAA,14
DIRPEIHENYRING,14
DKVSFFCKNKEKKC,14
DLSCPLLQQNKQVV,14
DLYILMSHTSGSAA,14
DPPLIALDKDAPLR,14
DSARVLRDARAVLS,14
DSQKHIDFSLRSPY,14
DVASVQQQRQEQSY,14
DVSKVHFFKGNGQT,14
EAEDLQVGQVELGG,14
EAVEKVKRTKDELE,14
EDIVADHVASYGVN,14
EDSILAVRKYFQRI,14
EELKSLNSVQAQYA,14
EEVRKLKARVDELE,14
EGQFSINKVPGNFH,14
EKPLPVDMVLISLC,14
EKVKRTKDELEVIH,14
ELERIRRSILPYGD,14
ENAVVHFFRSLVSS,14
ENPVVHFFKNIVTP,14
ENPVVNFFKNIVTP,14
EQSADSSRHSGSGH,14
EQSLITVEGDKASM,14
EQSLIVLESDKASM,14
ERNLVSWESQTQPQ,14
ESSRDGSRHPRSHD,14
ETIGLKKILDETVK,14
EVVRAEIMRSFSLS,14
FDLVVEVENQGVFQ,14
FDPIIEDRHGGYKP,14
FDSICEVQSDKASV,14
FEEYGKIDTIEIIT,14
FEPFFMMIATPAPH,14
FGVKIHFFKQRNSL,14
FGVLNSLANVLSQH,14
FIILPVSMVLISLV,14
FIMFTSAGSEGTGQ,14
FKEQFLDGDGWTSR,14
FLASVSTVLTSKYR,14
FLGELTSSEVATEV,14
FLKKFHFLKGATLC,14
FLLVIVELIPSTSS,14
FLSFPTTKTYFPHF,14
FPQTQQPQQPFPQP,14
FQFFQRDAEELEKW,14
FSKNYQDYEYLINV,14
FWWENEGVFSMQQR,14
GAHCIHFFKSAVCR,14
GAYYLKLENQSLKS,14
GDALCEIETDKAVV,14
GDLIAEVETDKATV,14
GDLLAEIETDKATI,14
GETLVIVETDKVNA,14
GEVLVEIETDKAQM,14
GGRIFLQDIKKPDC,14
GGVGPIGPPGERGA,14
GHLYREDQTSPAPG,14
GLERPWQQQPLPPQ,14
GLLWIALHGNQITS,14
GLTFQMKKNAEELK,14
GNALFLLCGEEVKI,14
GNIGIDVEDEDSDE,14
GNQFWAIRGNEVRA,14
GNRIAQWQSFQLEG,14
GPQDLRVVAVTPTT,14
GQFTNNVVVKSCSD,14
GRGRGRGRGRGGRG,14
GRHVVIDKSFGSPQ,14
GRLLRGHDQLAYDG,14
GRLLRGHNQYAYDG,14
GTLIIRDVKESDQG,14
GTMRTRHSTGGTNK,14
GVYLLTSHRTATAA,14
HENVVHFFKDGELV,14
HHCFSSSPNEWLQS,14
HKGFKGVDAQGTLS,14
HLPAHSHDLQRMFT,14
HLVERLYLVAGEEG,14
HLVERLYLVCGEEG,14
HMLSFHFWKSRGQT,14
HRAKLHFFKDENLK,14
IAKYEIMDGAPVKG,14
IDKVISTITNNIQQ,14
IEAAIHFYKGLAVY,14
IFNLFSTKDSSAAW,14
IHSDCAANQQVTYR,14
IIPAFHFLKSEKGL,14
IKIISKIENHEGVR,14
IKKVATPKKASPKK,14
ILEWAAERGPITSA,14
IMEQCFEIGCPATN,14
IPPSYISEMEKAAK,14
IQVDPSGQVQWPQQ,14
ISYINIIMPSVFGT,14
ITSIVKDSSAARNG,14
IVNVYQISEDGEQS,14
KAETIPVLHEMIQQ,14
KALNELLEKTVKDK,14
KAVLTIDEKGTEAA,14
KDKTYSYLNKLPVK,14
KDRLQGMAPAAGAD,14
KEVPALTAVETGAT,14
KEYFAIDNSGRIIT,14
KGFSFIMFTSAGSE,14
KGGWFGKHRGQGGS,14
KIFKLGGRDSRSGS,14
KIISRCQVCMKKRH,14
KIRRSPSKPLPEVT,14
KKEKPFSNSKVECQ,14
KKQSKPVTTPEEIA,14
KNTIYEIQDNTGSM,14
KPNMIDAATLKSRK,14
KPPQYIAVHVVPDQ,14
KPQYMVLVPSLLHT,14
KQPEQPEQPFPQPQ,14
KTTICGKGLSATVT,14
KVKKIYLDEKRLLA,14
LAEFAFSLYRQLAH,14
LAKLVNKRSDFASN,14
LANIAILNNNLNTL,14
LATPNPSPEFAPWA,14
LAVVKSIRSIPAYL,14
LDKIGLHSDSQEEL,14
LDLAGRDLTDYLMK,14
LEPYISRCTVCEGP,14
LESVVHFLRGQKVT,14
LGEFVSETESRGSE,14
LISWYDNEFGYSNR,14
LKRDMKSAHLLPEH,14
LLSLQEPGSKTYSK,14
LLVPTKARFPAFEL,14
LLYYTEFTPTEKDE,14
LMEPCYAWGCTGPK,14
LMLLAQMRRISLFS,14
LNKNIHFFKNLPLP,14
LNTILPDARDPAFK,14
LPKKTESHHKAKGK,14
LPQLVGVSTPLQGG,14
LPRLIAFTSEHSHF,14
LPTEKTTGARRSKA,14
LQKNVRAQLVDMKR,14
LQPFPQPQLPFPQP,14
LQPFPQPQLPYLQP,14
LQPFPQPQLPYPQP,14
LQPFPQPQLPYSQP,14
LRSWTAANTAAQIT,14
LSALEEYTKKLNTQ,14
LSIAVKNKAEFHQS,14
LSSYEIITPWRLTR,14
LTVGLTRRGQPRQY,14
LVAYYTLIGASGQR,14
LVEELYLVAGEEGC,14
MFGGPGTASRPSSS,14
MHGNWHFFRNFLSN,14
MHSPLPIMHSPLPI,14
MHWVRQAPGKGLEW,14
MNASIHFLKALETY,14
MNRWALGNLACDLW,14
MPNNPYDSTPLGER,14
MPTPDATTPQAKGF,14
MRSFSLSTNLQESL,14
MYWVRQAPGKGLEW,14
NANVLHFLKNIICQ,14
NDSQCWKLGCIAEK,14
NEHPVFAYLKDKLP,14
NEKLLKKARIHPFH,14
NGYVRDETVRAAPY,14
NICTFVPRRKAGIC,14
NILLQYVVKSFDRS,14
NLYLTIPTARSVGA,14
NPEDCFKTGCNSPT,14
NPQVIHFFKSLDLL,14
NPVVHFFKNIVTPR,14
NRLDRCLKAVRKER,14
NTFCDSCIPKTFWN,14
NTHLKAVKMTLKNR,14
NTWTTCQSIAFPSK,14
NVSPGTRREYHTEK,14
NVVFVIDKSGSMSG,14
PALQDAGDSSRKEY,14
PAPEQPEQPFPQPQ,14
PEQPPIHSWYARHT,14
PEQPQQSFPEQERP,14
PFRPQQPYPQPQPQ,14
PGRRPFFHPVGEAD,14
PKPEQPEQPFPQPQ,14
PLYRYLGGCFACSL,14
PLYRYLGGSFSHVL,14
PNSFIKLQTNRDGA,14
PQAEQPEQPFPQPQ,14
PQKEQPEQPFPQPQ,14
PQPAQPEQPFPQPQ,14
PQPEAPEQPFPQPQ,14
PQPELPYPQPELPY,14
PQPELPYPQPQLPY,14
PQPEQAEQPFPQPQ,14
PQPEQPAQPFPQPQ,14
PQPEQPEAPFPQPQ,14
PQPEQPEQAFPQPQ,14
PQPEQPEQPAPQPQ,14
PQPEQPEQPFAQPQ,14
PQPEQPEQPFPAPQ,14
PQPEQPEQPFPKPQ,14
PQPEQPEQPFPQAQ,14
PQPEQPEQPFPQKQ,14
PQPEQPEQPFPQPA,14
PQPEQPEQPFPQPK,14
PQPEQPEQPFPQPQ,14
PQPEQPQQPFPQPQ,14
PQPQLPYPQPQLPY,14
PQPQQPEQPFPQPQ,14
PQQPFPSQQQQPLI,14
PQQPFQPQQPFPQQ,14
PQQPQQSFPQQQRP,14
PQQQTLQPQQPAQL,14
PQTEQPQQPFPQPQ,14
PQTQQPQQPFPQPQ,14
PSDQYELQLQNSIP,14
PSLWEIEFAKQLAS,14
PVKKATVVYQGERV,14
PYAVAFQPLLAYAY,14
QEELPSLWNSRVGF,14
QIGNVAALPGIVHR,14
QKSKQNIGALKQEL,14
QLQPFPQPELPYPQ,14
QLQPFPQPQLPYTH,14
QNLSLADVTEEAGL,14
QPFPQPQQPFPWQP,14
QPPFSQQQQQPLPQ,14
QYIKANSKFIGITE,14
RARGRGRGRGEKRP,14
RDALNIETAIKTKG,14
RDYLPLVLGPTAMR,14
RETYGEMADCCAKQ,14
RGNSIIMLEALERV,14
RHDFGFPQEEFGNQ,14
RHPEWHLNSDYSYG,14
RHTFMGVVSLGSPS,14
RKASGPPVSELITK,14
RLSVVHFLRANAVS,14
RSILPYGDSMDRIE,14
RSWTAADTAAQITQ,14
RTQRIHFFKGDKVW,14
SANNIHFMRQSEIG,14
SAVRARSSVPGVRK,14
SCLRGDVVISGNKG,14
SEGSIHFFKADLLS,14
SEHETRLVAKLFKD,14
SGEGSFQPSQQNPQ,14
SGQGSFQPSQQNPQ,14
SGTLVLLQGARGFA,14
SGTWYAMAKKDPEG,14
SHGRTQDENPVVHF,14
SHQESTRaRSRGRS,14
SHQESTRGRSRGRS,14
SILPYGDSMDRIEK,14
SKIAFKIVSQEPAG,14
SLGNIHFFKSEVVR,14
SLGSRRTLMLLAQM,14
SLLGMEGANSIFSG,14
SLRELHLDHNQISR,14
SNAIINDGKYHVVR,14
SNVECDGLNCDWII,14
SPMYSIITPNILRL,14
SPSPTPTPGPSRRG,14
SQRFSKIASNTQSR,14
SRAGLELGAEPETI,14
SRKPEAPRRRSPSP,14
SRQEMQEVQSSRSG,14
SSARLHFFRALPHP,14
STARVHFWRSRSSE,14
SVGKIHFFKMEVVS,14
SVIVVLRNPLIAGK,14
SVPRYLPRPANPDE,14
SVSVIHFFKAPAAI,14
SWYARHYTIKNTFF,14
SWYDNEFGYSNRVV,14
TAFVIFGIQDGEQR,14
TANNFLLISDDLRS,14
TEESLRNYYEQWGK,14
TGEFTVEPVPEGAQ,14
TGEVYRGKLIEAED,14
TGKFYNIGDQRGHG,14
TGKLVSLSAQNLVD,14
TGPSTRGRQGSRHE,14
TGSSTGGRQGSHHE,14
TIEDLRNKIIAATI,14
TIEELQNKILTATV,14
TLSKIFKLGGRDSR,14
TPDAMKAAMALEKK,14
TPTFMYFTSPSVAY,14
TQFVQFDSDAASPR,14
TQFVRFDSDAASQR,14
TQGKIVDLVKELDR,14
TTAFQYIIDNKGID,14
TVYGAFDPLLAVAD,14
TWLLLLGLLFGLIA,14
VCEKLCGGGHPFHI,14
VEKAKRALSSQHQA,14
VFFEEQEDEIIGFG,14
VFGNVHFFKNTGSA,14
VGAADGSSWEGVGV,14
VINKDTTIIIDGVG,14
VNALYLVSGDEVQI,14
VNFFRMVISNPAAT,14
VNHFVPEAGSRLDQ,14
VPPEVTVLTNSPVE,14
VPYVIVPLKTGLQE,14
VSGYVHFFRGLPLL,14
VSQYFQTVTDYGKD,14
VTAFSNMDDMLQKA,14
VTWNPHKMMGVPLQ,14
VVAGVANALAHKYH,14
VVTEIPKEEKDPGM,14
VWDFWSLRPESLHQ,14
WGGTEKPLPVDMVL,14
WSKMDQLAKELTAE,14
YAYAKWKLCSASAI,14
YDHNFVKAINAIQK,14
YDNEFGYSNRVVDL,14
YEVIRSLVLRTLPN,14
YKHKIHFFKNEVLE,14
YPKSLHMYANRLLD,14
YQGTILSIDDNLQR,14
YVSIDVTLQQLESH,14
