Epitope,ACC,Gene
VHGNSGAGNNWAKGH,A2AQ07,Tubb1
NADACFCIDNEALYD,Q9H4B7,TUBB1
LFALTLPIW,Q28807,CXCR2
GKVNVDEVGGEALGRLL,B2KHZ4,HBB
YIYFNTWTTCQSIAFPSKTSA,Q8HXW7,PLP1
WTTCQSIAFPSKTSASIGSL,Q8HXW7,PLP1
TWTTCQSIAFPSKTSASIGS,Q8HXW7,PLP1
SKTSASIGSLCADARMYGVLP,Q8HXW7,PLP1
NTWTTCQSIAFPSK,Q8HXW7,PLP1
IAFPSKTSASIGSLC,Q8HXW7,PLP1
CQSIAFPSKTSASIGSLCAD,Q8HXW7,PLP1
VRAPAKPRSPPRSER,Q13875,MOBP
PRSPPRSERQPRPRP,Q13875,MOBP
TFDPHFLRVPCWKITLFVIV,Q16653,MOG
RLRGKLRAE,Q16653,MOG
RAEIENLHRTFDPHF,Q16653,MOG
LRVPCWKITLFVIVPV,Q16653,MOG
KLRAEIENL,Q16653,MOG
FDPHFLRVPCWKITL,Q16653,MOG
ENLHRTFDPHFLRVPCW,Q16653,MOG
APEYRGRTELLK,Q16653,MOG
RCGLQELGPGLFRGL,Q99M75,Rtn4r
CVCYNEPKVTTSCPQ,Q99M75,Rtn4r
SSNAGGGGGGA,Q06945,SOX4
VLIRHGESAWNLENR,B1XS92,gpmA
MAAYKLVLIRHGESA,Q5RFB8,PGAM1
ESAWNLENRFSGWYD,Q5RFB8,PGAM1
VSLLHFVPTREANGH,P20917,Mag
SAFEGTCVSIPCRFD,P20917,Mag
RFDFPDELRPAVVHG,P20917,Mag
CVSIPCRFDFPDELR,P20917,Mag
GHWGAWMPSSISAFEGTCVSI,P20916,MAG
GGHWGAWMPSSISAF,P20916,MAG
YLVAVAHGDLLELDPPANHTPCVVQVHTLTG,P78508,KCNJ10
VAVAHGDLLELDPPANHTPCVVQVHTLTG,P78508,KCNJ10
GVVWYLVAVAHGDLLELDPPANHTPCVVQVHTLTGAFL,P78508,KCNJ10
VTDDSSFLGGGG,Q9Y4L5,RNF115
MVAFKGVWTQAFWKA,Q5I4F9,AQP4
AFKGVWTQAFWKAVT,Q5I4F9,AQP4
LLMAWGQYIDHDIAF,P07202,TPO
VSHFFRELAEEKREG,Q5R538,FTL
SDVGEYRAVTELGRP,P13761,HLA-DRB1
QYNSSSGGGG,P56959,Fus
QAGKELEEQHGIHCN,Q8VI73,TALDO1
PVGIRHRLRG,O60830,TIMM17B
PIIEDRHGGYKPSDE,Q29594,CKB
PDPGAGAAGGGG,Q9ULK6,RNF150
MESALDQLKQFTTVV,Q9EQS0,Taldo1
HRKLFEELVRASSHS,Q5NVN0,PKM
GIRKFAADAVKLERM,P37837,TALDO1
