VILKMQPFQVRLQPRGMG	P08686
KTWGQYWQV	P40967
DAPHPPLKI	Q9YI97
TAAPVTTTV	P36956
RQVRLGDTQQSIPGNEER	P19474
LTMMWEEVTCPICLDPFV	P19474
RQVRLGDTQQSIPGNEER	P19474
LTMMWEEVTCPICLDPFV	P19474
DAPHPPLKI	Q9YI97
TAAPVTTTV	P36956
ASVDLKNTGREEFLTA	Q9Y6R7
PKRGSGKDSHHPARTA	P02686
DHRQVV	
AKAQTDREDLRTLLRY	P03989
IAKDLLPSRDRQHLPLIK	P02671
RQVDARRNVPQND	P41218
LTCSFSG	
SQKDLLEQRRAAVDTY	P04229
AKRALSSQHQARIEIESFYE	
PREPQVY	
RQVRLGDTQQSIPGNEER	P19474
TLDPDTANPWLILSE	
LTMMWEEVTCPICLDPFV	P19474
VCEHCD	Q9TSN4
VCEHCD	Q9TSN4
VCEHCD	Q9TSN4
VYVTLTCAFRYGQEDIDVIG	P10523
KGGCAKGK	A5A6L0
IVNTNVPRASVPDGFLSE	P14174
VYVTLTCAFRYGQEDIDVIG	P10523
IVNTNVPRASVPDGFLSE	P14174
KGGCAKGK	A5A6L0
QTEDLAV	
DELTKNQ	
NPANPAILSEASAPIPHDG	O00560
EGNVFSC	
VPKGKKGKADAGKEG	P05204
SYAGKYVPAIAHLIHS	Q5RFE4
VPKGKKGKADAGKEG	P05204
TLRVYK	Q7MA16
TLRVYK	Q7MA16
LAHSTHVTI	
DASYVVSVI	Q15386
DAAMKAMTI	
IAQEIAEKI	Q3T075
LPIAPSHVI	
NIKILDVNDNIPYME	
GQVRRPEMGDQA	
GQVRRPEMGDQA	
LAHSTHVTI	
DASYVVSVI	Q15386
DAAMKAMTI	
IAQEIAEKI	Q3T075
LPIAPSHVI	
ASKRGRQTPVLYAMLDHSRS	P10522
ASKRGRQTPVLYAMLDHSRS	P10522
LLIDLTSFLL	P0CE46
KRECHFFNGTERVRF	P01911
SAGCGGGGGAG	
TGYGSKTSLASS	Q13099
LGQSDPAPLQHQMDI	Q5R4C1
MHEAEEWYRSKFADL	
KKIHIPSEKIWRPDLVLYNN	P02708
LWVLRVPSTMVWRPDIVLEN	P07510
PLIGKFLLFGMVLVTMVVVI	Q07001
IHIPSEKIWRPDLVLY	P02708
NIKILDVNDNIPYME	
MASSTPSSSATSSNAGADPN	A0PA85
IQGLIGSVEEQLAQL	
TLRVYK	Q7MA16
AQYEDIAQK	
AQYEDIAQKS	
PISGGGYRARPAKAAATQKK	P02675
AQYEDIAQKSKAEAE	
GKPQYMVLVPSLLHTET	P01023
PISGGGYRARPAKAAATQKK	P02675
KPQYMVLVPSLLHT	P01023
SGKPQYMVLVPSLLHTET	P01023
IALREYRK	
SKEVWKALLQEMPLT	
PAIALREY	
VHPAIALR	
GPSRRGPSLGASSHQH	P49450
PDRFSGS	A2NJV5
AIALREYR	
HPAIALRE	
IALREYRK	
AIALREYR	
VHPAIALR	
HPAIALRE	
PDRFSGS	A2NJV5
PAIALREY	
GPSRRGPSLGASSHQH	P49450
SKEVWKALLQEMPLT	
ISYINIIMPSVFGT	Q99705
GSISYINIIMPSVFGTIC	Q99705
LVAGQWRDMMDYMLQGVA	
PGLKSCMGLKIGDTV	
ELAVICANYDIPHIVNNAYG	Q9HD40
GHEAQPH	P24158
ELAVICANYDIPHIVNNAYG	Q9HD40
PGLKSCMGLKIGDTV	
FLIVLSVAL	P10997
VLSPADKTNVKAAWGKVGAHAGEYG	P69905
TPPSVVGGLGVTMVH	P55087
HRPLDKKREEAPSLRPAPPP	P02675
NAKTKPR	
FHSGKHYWEVDVTGKE	
SQEGRTTKQ	P10155
FHSGKHYWEVDVTGKE	
SQEGRTTKQ	P10155
FHSGKHYWEVDVTGKE	
GHEAQPH	P24158
DSQNNRCEMPRSLTLEVCQCDNRGICGTSYPTTSPGTRYGRPHSG	
PRRKAGI	P24158
EILGALLSI	Q8IWU4
ILGALLSIL	Q8IWU4
MPAYQELVEEAIAYG	Q9EQS0
DSQNNRCEMPRSLTLEVCQCDNRGICGTSYPTTSPGTRYGRPHSG	
PRRKAGI	P24158
IKKEKPFSNSKVECQA	
RDYIPRILGPEAFQQYVG	
GPSLLDVSQTSVTALP	P16473
KEQFLDGDGWTSRWIESK	Q4VIT5
GPSLLDVSQTSVTALP	P16473
RDYIPRILGPEAFQQYVG	
SEHETRLVAKLFKDYS	P25108
GDSMDRIEKDRLQGMA	
SMDRIEKDRLQGMAPA	
ILPYGDSMDRIEKDRL	
GDSMDRIEKDRLQGMA	
SMDRIEKDRLQGMAPA	
ILPYGDSMDRIEKDRL	
IKKEKPFSNSKVECQA	
GNVSPGTRREYHTEKLVT	
RESGVPD	
FLYSKLT	
GSFFLYS	
QWVGYDDQESVKSKVQ	
KLRREVEKAKRALSSQHQAR	
NPENTVFDAKRLIGRTWNDP	Q0VCX2
SDVGVYRAVTPLGRLD	P15983
KEQFLDGDGWTSRWIESK	Q4VIT5
KEQFLDGDGWTSRWIESK	Q4VIT5
KEQFLDGDGWTSRWIESK	Q4VIT5
VPNNKITVV	P42123
EPTSGVIARAAEIMETSI	P07202
VPNNKITVV	P42123
EPTSGVIARAAEIMETSI	P07202
APQDVTYAQLHSLTLRRE	
GALFLWMFWPSFNSA	Q02161
LPLLANNRERRGIALD	
VPPAVTGI	
KRADWKKTVETQKSRIHA	P19474
PVPHGTQ	P24158
KRADWKKTVETQKSRIHA	P19474
GTLIIRDVKESDQG	
LPLLANNRERRGIALD	
VPPAVTGI	
GTLIIRDVKESDQG	
MNILLQYVVKSFD	Q05683
SHGRTQDENPVVHFFK	P02686
DELERIRRSILPYGDS	
DELERIRRSILPYGDS	
VYTLPPS	
KVSNKAL	
APVELILSDETLPAPE	
SPKLLIY	P01634
KRADWKKTVETQKSRIHA	P19474
DSNLDWSHNF	P0C1Z2
PVPHGTQ	P24158
EPLARLEL	
GEEGLTLNLEDVQ	
TLNLEDVQPHDLG	
SNIMHSINGYV	
RVALTEDRLP	
CNRYCRDEIESVKEL	
KTTCLPMFGYKHVLT	P05106
LPSPPAVAV	
AALPNVYEV	
LPAEVKEQI	Q9BYX4
SPPLAQAI	
LPNGTASLI	Q9NZM3
LPPSVLAV	
DAFTIKTV	
DAKSTIVSI	
NPKDPESNI	
TAALHHLTV	
GEPIPVTVTVTNNTEKTVKK	P10523
LPKETTVGAVTV	Q9Y5L0
LPKSSSQEV	Q8IWA0
LPRDPSSEV	Q8IY18
VPPLATNTV	
LPPLIGQKI	
VPDQPHPEI	Q15306
KSSVRLLIRKVQHAPLEMGP	P10523
VPFHRVDTI	Q6DKI2
DALLKFSHI	P55062
HAAYVHVI	
FPEEVIATI	Q0V9G6
LPQIAAKI	
SALPHVHTV	
SATQAAKQV	Q15398
SPPLITQV	Q9R0D8
FALGSVVAV	P56960
MPYLDIVREV	
AATPAKKTV	P19338
IFRDGEEAGAYDGPRTADGIVSHLK	P27773
INVREGIAFRPASKT	
YPCAYLNAASAIGMKMQDVD	
YKRGIIDRGQYLQLQELECD	
ERPLELRVRVLDI	Q02413
MGEIEENSASNSLVM	P32926
DLERPLELRVRVLDI	Q02413
KKEGSNLLTIKDEAE	
IPCFLAGDTR	
PSTVKAGELEKIISRCQV	
IPSTVKAGELEKI	
QAPGKGLEWVA	P0DOX5
YYADSVKGRFT	P0DOX2
SEECSVSMPSICKRK	
PSTVKAGELEKIISRCQVCM	
CESTLPYICKKYLNH	
AHEFCKKEGSNLLTI	P49260
IFRDGEEAGAYDGPRTADGIVSHLK	P27773
YPCAYLNAASAIGMKMQDVD	
FDPIIEDRHGGYKPS	Q29594
IGSSYFPEHGYFRAPE	
RFDSDVGEFRAV	P01911
GLLDQVAAL	
DVGEYRAVTELGRPD	P04229
LDAVYLNKNKYLTVIDKDAF	Q8SPP9
YYVFFEEQEDEIIGFGQELK	
FDSDVGEYRAV	Q29974
TGGASGLGLATAERLVGQGASAV	Q99714
GEPIPVTVTVTNNTEKTVKK	P10523
KSSVRLLIRKVQHAPLEMGP	P10523
LPSPPAVAV	
AALPNVYEV	
LPAEVKEQI	Q9BYX4
SPPLAQAI	
LPNGTASLI	Q9NZM3
LPPSVLAV	
DAFTIKTV	
DAKSTIVSI	
NPKDPESNI	
TAALHHLTV	
LPKETTVGAVTV	Q9Y5L0
LPKSSSQEV	Q8IWA0
LPRDPSSEV	Q8IY18
VPPLATNTV	
LPPLIGQKI	
VPDQPHPEI	Q15306
VPFHRVDTI	Q6DKI2
DALLKFSHI	P55062
HAAYVHVI	
FPEEVIATI	Q0V9G6
LPQIAAKI	
SALPHVHTV	
SATQAAKQV	Q15398
SPPLITQV	Q9R0D8
FALGSVVAV	P56960
MPYLDIVREV	
AATPAKKTV	P19338
SNTRVFPNPNNKQALY	
DRPEDLDVPPALADFIHQQRT	Q01780
PSTVKAGELEKIISRCQV	
IPSTVKAGELEKI	
PSTVKAGELEKIISRCQVCM	
FDPIIEDRHGGYKPS	Q29594
KLDAVYLNKNKYLTVIDKDA	Q8SPP9
IGSSYFPEHGYFRAPE	
SHCCAFKNQKKIRGILESL	
RFDSDVGEFRAV	P01911
DVGEYRAVTELGRPD	P04229
EEQEDEIIGFGQELKNPQEE	
EEQEDEIIGFGQELKN	
LDAVYLNKNKYLTVIDKDAF	Q8SPP9
KNQKKIRGILESLMCNES	
YYVFFEEQEDEIIGFGQELK	
FDSDVGEYRAV	Q29974
LNKNKYLTVIDKDAFG	Q8SPP9
RQGLKKADCSFWSKYISSLK	P01266
GQELKNPQEETLQAFDSHYD	
TGGASGLGLATAERLVGQGASAV	Q99714
RVALTEDRLP	
CNRYCRDEIESVKEL	
KTTCLPMFGYKHVLT	P05106
GNLEHVS	
ACERLLYPDYQIQATVMIIVSSCAVAA	Q8IWU4
SLAAGVKLL	
KRGIVEQCCTSICSL	Q8HXV2
CDGERPTLAFLQDVM	Q4PRC2
QCCTSICSLYQL	P67973
SVHSLHIWSL	
GIVEQCCTSICS	P67973
RLLPLLALL	D3ZWZ9
CCTSICSLYQLENYCN	P67973
GIVEQCCTSICSLYQ	P67973
VEQCCTSICSLYQ	P67973
RLLPLLALLAL	P0CT05
IQATVMIIV	Q8IWU4
GIVEQCCTSI	P67973
ERMSRLSKVAPVIKA	
LDVPPALADFIHQQR	Q01780
GQIPPGAM	Q06AA4
VRAPAKPRSPPRSER	Q13875
ESAWNLENRFSGWYD	Q5RFB8
NADACFCIDNEALYD	Q9H4B7
VHGNSGAGNNWAKGH	A2AQ07
VLFSSDFRI	
ASQKRPSQRHGSKY	P83507
VCNPIISGLYQGAGG	
VLIRHGESAWNLENR	B1XS92
EELGSKAKFAGRNFR	
RCGLQELGPGLFRGL	Q99M75
GGHWGAWMPSSISAF	P20916
CQSIAFPSKTSASIGSLCAD	Q8HXW7
SSVEAIEGSHVSLLC	
MESALDQLKQFTTVV	Q9EQS0
CVCYNEPKVTTSCPQ	Q99M75
PIIEDRHGGYKPSDE	Q29594
SAFEGTCVSIPCRFD	P20917
GVVWYLVAVAHGDLLELDPPANHTPCVVQVHTLTGAFL	P78508
VAVAHGDLLELDPPANHTPCVVQVHTLTG	P78508
QYNSSSGGGG	P56959
GRDHGLPGYNEWREF	
RFDFPDELRPAVVHG	P20917
TFDPHFLRVPCWKITLFVIV	Q16653
PDPGAGAAGGGG	Q9ULK6
RAEIENLHRTFDPHF	Q16653
LLMAWGQYIDHDIAF	P07202
LFALTLPIW	Q28807
SDVGEYRAVTELGRP	P13761
CVSIPCRFDFPDELR	P20917
QAGKELEEQHGIHCN	Q8VI73
YLVAVAHGDLLELDPPANHTPCVVQVHTLTG	P78508
APEYRGRTELLK	Q16653
VSHFFRELAEEKREG	Q5R538
CRLEKPAKYDDIKKV	
QNPNLHKSLASS	
VSLLHFVPTREANGH	P20917
ENLHRTFDPHFLRVPCW	Q16653
FDPHFLRVPCWKITL	Q16653
MVAFKGVWTQAFWKA	Q5I4F9
TWTTCQSIAFPSKTSASIGS	Q8HXW7
GHWGAWMPSSISAFEGTCVSI	P20916
GIRKFAADAVKLERM	P37837
MAAYKLVLIRHGESA	Q5RFB8
YIYFNTWTTCQSIAFPSKTSA	Q8HXW7
KLRAEIENL	Q16653
KRPSQRHGSK	P83507
GKVNVDEVGGEALGRLL	B2KHZ4
HIILVLSGK	P0C2L0
SKTSASIGSLCADARMYGVLP	Q8HXW7
LILPEAVGGTVF	
LRVPCWKITLFVIVPV	Q16653
RLRGKLRAE	Q16653
PVGIRHRLRG	O60830
AFKGVWTQAFWKAVT	Q5I4F9
NTWTTCQSIAFPSK	Q8HXW7
SSNAGGGGGGA	Q06945
WTTCQSIAFPSKTSASIGSL	Q8HXW7
GGAAAQSLYIANHAY	
FGEEGLTLNLEDVQP	
WSQLLANSAARKKKL	
WYRSKFADLTDAAAR	
HRKLFEELVRASSHS	Q5NVN0
IAFPSKTSASIGSLC	Q8HXW7
PRSPPRSERQPRPRP	Q13875
VTDDSSFLGGGG	Q9Y4L5
LDRKLILDSARATKG	
LKKEKINIRVLDPFT	
AINPESDQPDLSNF	P54250
LGTWTYDGSVVAINPES	P54250
DGPSPGALVRRSSSLGYISK	
REKLFSGYDSSVRPAREVGD	P11230
DGPSPGALVRRSSSLGY	
MKLGTWTYDGSVVAINPESD	P54250
FLMAHYNRVPALPFPGDPRP	
TWTYDGSVVA	P54250
AMVMDHILLGVFMLVCIIG	
KVYLDLEWTDYRLSWDPAEH	P11230
SMKLGTWTYDGSVVAINPESD	P54250
DEQNCSMKLGTWTYDGSVVAINPESDQPDL	P54250
GTWTYDGSVVA	P54250
NRVPALPFPGDPRPYLPSPD	
APEYRGRTELLK	Q16653
FGHISGGHINPAVTVAMVCTRKISIA	Q5I4F9
TVAMVCTRKISIAKSVFYIA	Q923J4
IQATVMIIV	Q8IWU4
INVREGIAFRPASKT	
YKRGIIDRGQYLQLQELECD	
ERPLELRVRVLDI	Q02413
MGEIEENSASNSLVM	P32926
DLERPLELRVRVLDI	Q02413
SICSLYQLENYCN	P67973
QCCTSICSLYQL	P67973
GIVEQCCTSICS	P67973
CCTSICSLYQLENYCN	P67973
MQALEIELQSQLSMK	Q04695
GASGVGSGL	
MGNIDSINCK	P36952
ENRYCVQLSQIQGLI	
VMHEALH	
TYRVVSV	
IYLYTLNDNARSSPV	
NSTYRVV	
AGRLLASSTAASVPN	
FFLYSKL	
MHEALHN	
TYGIGVG	
EPHRHSIFTPETNPRAGLE	
IVPWDTLSTTQ	Q9WUC6
GKGLEWL	P01821
MFGGPGTASRPSSS	P02543
ALTNGIYPHKLVF	
PQVYTLP	
SQRFSKIASNTQSR	P36222
FPPKPKD	
YRVVSVL	
EPQVYTL	
VTAFSNMDDMLQKA	
DVGEYRAVTELGRPD	P04229
TCSFSGF	
KGLEWLA	
DDHTLIRVMVSRSEID	
REPQVYT	
GVYATRSSAVRLRSSVPGVR	P02543
LHNHYTQ	
SLVNLGGSK	P04264
PRTEWQLNAHRD	
SDVDLIPMNDHNAYR	
QEPHRHSIFTPETNPRAGLE	
DGVLRIQNLDQSCQ	
VYATRSSAVRLRSSVP	P02543
PYIQVDIGGGQTKTFAPEEI	Q3S4T7
SSVPGVRLLQ	
KAKFAGRNFRNPLAK	
QVYTLPP	
EGARNIVAAMKAHGVD	P30043
WPSALPT	A8W649
GQKPPLSTWDNSPLR	
FGHISGGHINPAVTVAMVCTRKISIA	Q5I4F9
NGWKSTEEEDQGSAT	Q8NDV7
EPVSIECGHSFCQECI	P19474
ADSASSSESERNITI	
IPPGAMPP	Q06AA4
ILENGAVRYTTFEYP	Q95LB0
AAAPVAAATTAAPAA	
DMVFGASTKQIDVYR	P52732
SHFCGGTLIHPSFVL	P24158
SNRKEMTQFLEEWLN	
VIVEDDDSAIIPCRTTD	P16234
AVQGPVPGMP	Q06AA4
FGHISGGHINPAVTVAMVCTRKISIA	Q5I4F9
FWTIWLWNKQKYEAG	
LDVPPALADFIHQQR	Q01780
KPVKPKAKSSAKRAG	Q5NVN9
EKSMMNLQTKIDAKKE	
GEIKWIDFVRGAKEG	
SPTLGASNRAFVRWL	P05164
CAARQATREVKEMKKVT	
GQIPPGAM	Q06AA4
DPCLLTNRSARIPCF	
PPGRGTPP	P63164
KFALGSVVAVTKASG	P56960
MESFENPFRMFLPSL	
QRGPVSSTSDSSTNC	Q8NDV7
ADSASSSESERNITI	
FGHISGGHINPAVTVAMVCTRKISIA	Q5I4F9
PPGRGTPP	P63164
AAAPVAAATTAAPAA	
GQIPPGAM	Q06AA4
IPPGAMPP	Q06AA4
QRGPVSSTSDSSTNC	Q8NDV7
KFALGSVVAVTKASG	P56960
DMVFGASTKQIDVYR	P52732
CAARQATREVKEMKKVT	
DPCLLTNRSARIPCF	
AVQGPVPGMP	Q06AA4
EKSMMNLQTKIDAKKE	
MESFENPFRMFLPSL	
ILENGAVRYTTFEYP	Q95LB0
KPVKPKAKSSAKRAG	Q5NVN9
LDVPPALADFIHQQR	Q01780
VIVEDDDSAIIPCRTTD	P16234
SPTLGASNRAFVRWL	P05164
SHFCGGTLIHPSFVL	P24158
FWTIWLWNKQKYEAG	
GEIKWIDFVRGAKEG	
SNRKEMTQFLEEWLN	
YYADSVKGRFT	P0DOX2
QAPGKGLEWVA	P0DOX5
ALAEEVRKLKARVD	
VYATRSSAVRLRSSVP	P02543
CLDPFVEPVSIECGHSFC	P19474
CEKDGKALCWVCAQSRKH	P19474
CLDPFVEPVSIECGHSFC	P19474
CEKDGKALCWVCAQSRKH	P19474
AAHLPAEFTPAVHASLDKFLASVSTVL	P01926
AAHLPAEFTPAVHASLDKFLASVSTVL	P01926
GSKYLATASTMDHARHGFLPRHRDTGILDSIGRFFGGDRG	P05834
FKDYSS	
KLNKKAASGEAKPKAK	P16401
FLFPPKP	
QDFTNRINKLKNS	P02671
VPDRFTG	P84750
RVNSAYQDKVSLPNYP	P16112
HNGNLIPTHTQPSYRF	P31994
ATRSSAVRLRSSVPGVR	P02543
HQYLSSF	
KQKYEAGTYPQTPLHLQV	P19474
CLDPFVEPVSIECGHSFC	P19474
KLNKKAASGEAKPKAK	P16401
GTYPQTPLHLQVPPCQVG	P19474
KLNKKAASGEAKPKAK	P16401
KLNKKAASGEAKPKAK	P16401
YKCIQEVLKTWSHWSIQIVD	P08686
GVMAARGQL	P49745
TLNELPNRT	P40225
QPHISPLTI	Q3UCQ1
SALPVSPSI	
SAYEQVKQV	
DASLVVERI	
EPLEVFISA	
VAANIVLTV	Q8IWU4
QPHISPLTI	Q3UCQ1
SALPVSPSI	
SAYEQVKQV	
DASLVVERI	
GVMAARGQL	P49745
TLNELPNRT	P40225
VAANIVLTV	Q8IWU4
GKCGPLCTRENIMVAFKGVW	P55087
GKCGPLCTRENIMVAFKGVW	P55087
VAANIVLTV	Q8IWU4
VAANIVLTV	Q8IWU4
EPLEVFISA	
LFKPPKYHPDVPYVKR	
LFKPPKYHPDVPYVKR	
LFKPPKYHPDVPYVKR	
PAESGGSQPPRA	Q05329
LLYGDAEKPAESGGSQPPRA	Q05329
PAVPETLKKKRRNFAELKIKRLRKK	Q4R506
RSWTAADTAAQITQ	P30386
DLRSWTAADTAAQITQ	P30386
PAVPETLKKKRRNFAELKIKRLRKK	Q4R506
KGEQGEPGA	P02745
PAVPETLKKKRRNFAELKIKRLRKK	Q4R506
TGMCNNRRSPTLGAS	P05164
PAVPETLKKKRRNFAELKIKRLRKK	Q4R506
KGEQGEPGA	P02745
TGMCNNRRSPTLGAS	P05164
SIICYLTFGDKIKDDNLM	P08686
RDHAMVPLEEAAQEYQEK	P19474
PEDIEAFKNYTLDSSAAPTPQAAPA	P10515
RDHAMVPLEEAAQEYQEK	P19474
WLRNGKPVTTGVSETV	P01903
YGGELRFTVTQRSQPG	
HWSADAVYQEARKVVGAL	
WLRNGKPVTTGVSETV	P01903
YGGELRFTVTQRSQPG	
HWSADAVYQEARKVVGAL	
NASVRAAFVHALGDLFQSISVLISALI	Q8IWU4
PEDIEAFKNYTLDSSAAPTPQAAPA	P10515
KTISKAK	
DHEGTHSTKRGHAKSRPVRD	
VTPTVRIESSSSQVAE	
NKASYIHLQGSDLRPQ	
EKTPVKKKARKSAGAA	P02252
SRGTLLALEGPGLSQR	P35442
RDHAMVPLEEAAQEYQEK	P19474
EKTPVKKKARKSAGAA	P02252
VSLVCEKLCNEKLLKKARIHPFHILIA	P10155
EKTPVKKKARKSAGAA	P02252
VSLVCEKLCNEKLLKKARIHPFHILIA	P10155
AWHQQQP	A0A075B6H9
EKTPVKKKARKSAGAA	P02252
VSLVCEKLCNEKLLKKARIHPFHILIA	P10155
AWHQQQP	A0A075B6H9
GQLLEGHVHMAAVDLLIG	
SQSLSFDSSNPEYFDGYW	
YLNRIHELL	
LPHHRVIEV	
LPHHRVIEV	
SQSLSFDSSNPEYFDGYW	
YLNRIHELL	
