VILKMQPFQVRLQPRGMG	Steroid 21-hydroxylase
KTWGQYWQV	Melanocyte protein PMEL
DAPHPPLKI	Ornithine decarboxylase antizyme 2
TAAPVTTTV	Sterol regulatory element-binding protein 1
RQVRLGDTQQSIPGNEER	E3 ubiquitin-protein ligase TRIM21
LTMMWEEVTCPICLDPFV	E3 ubiquitin-protein ligase TRIM21
RQVRLGDTQQSIPGNEER	E3 ubiquitin-protein ligase TRIM21
LTMMWEEVTCPICLDPFV	E3 ubiquitin-protein ligase TRIM21
DAPHPPLKI	Ornithine decarboxylase antizyme 2
TAAPVTTTV	Sterol regulatory element-binding protein 1
ASVDLKNTGREEFLTA	IgGFc-binding protein
PKRGSGKDSHHPARTA	Myelin basic protein
DHRQVV	
AKAQTDREDLRTLLRY	HLA class I histocompatibility antigen, B-27 alpha chain
IAKDLLPSRDRQHLPLIK	Fibrinogen alpha chain
RQVDARRNVPQND	Myeloid cell nuclear differentiation antigen
LTCSFSG	
SQKDLLEQRRAAVDTY	HLA class II histocompatibility antigen, DRB1-1 beta chain
AKRALSSQHQARIEIESFYE	Endoplasmic reticulum chaperone BiP
PREPQVY	Immunoglobulin gamma-1 heavy chain
RQVRLGDTQQSIPGNEER	E3 ubiquitin-protein ligase TRIM21
TLDPDTANPWLILSE	E3 ubiquitin-protein ligase TRIM21
LTMMWEEVTCPICLDPFV	E3 ubiquitin-protein ligase TRIM21
VCEHCD	Tumor necrosis factor receptor superfamily member 6
VCEHCD	Tumor necrosis factor receptor superfamily member 6
VCEHCD	Tumor necrosis factor receptor superfamily member 6
VYVTLTCAFRYGQEDIDVIG	S-arrestin
KGGCAKGK	Pyruvate dehydrogenase E1 component subunit alpha, somatic form, mitochondrial
IVNTNVPRASVPDGFLSE	Macrophage migration inhibitory factor
VYVTLTCAFRYGQEDIDVIG	S-arrestin
IVNTNVPRASVPDGFLSE	Macrophage migration inhibitory factor
KGGCAKGK	Pyruvate dehydrogenase E1 component subunit alpha, somatic form, mitochondrial
QTEDLAV	
DELTKNQ	Immunoglobulin gamma-1 heavy chain
NPANPAILSEASAPIPHDG	Syntenin-1
EGNVFSC	Immunoglobulin heavy constant gamma 4
VPKGKKGKADAGKEG	Non-histone chromosomal protein HMG-17
SYAGKYVPAIAHLIHS	Probable serine carboxypeptidase CPVL
VPKGKKGKADAGKEG	Non-histone chromosomal protein HMG-17
TLRVYK	Tol-Pal system protein TolB
TLRVYK	Tol-Pal system protein TolB
LAHSTHVTI	Ribosomal oxygenase 2
DASYVVSVI	Ubiquitin-protein ligase E3C
DAAMKAMTI	
IAQEIAEKI	Syntaxin-8
LPIAPSHVI	RNA-binding protein 33
NIKILDVNDNIPYME	Desmoglein-1
GQVRRPEMGDQA	Putative cytochrome P450 2D7
GQVRRPEMGDQA	Putative cytochrome P450 2D7
LAHSTHVTI	Ribosomal oxygenase 2
DASYVVSVI	Ubiquitin-protein ligase E3C
DAAMKAMTI	
IAQEIAEKI	Syntaxin-8
LPIAPSHVI	RNA-binding protein 33
ASKRGRQTPVLYAMLDHSRS	Myelin protein P0
ASKRGRQTPVLYAMLDHSRS	Myelin protein P0
LLIDLTSFLL	Zinc transporter 8
KRECHFFNGTERVRF	HLA class II histocompatibility antigen, DRB1-15 beta chain
SAGCGGGGGAG	
TGYGSKTSLASS	Intraflagellar transport protein 88 homolog
LGQSDPAPLQHQMDI	Transketolase
MHEAEEWYRSKFADL	Glial fibrillary acidic protein
KKIHIPSEKIWRPDLVLYNN	Acetylcholine receptor subunit alpha
LWVLRVPSTMVWRPDIVLEN	Acetylcholine receptor subunit gamma
PLIGKFLLFGMVLVTMVVVI	Acetylcholine receptor subunit delta
IHIPSEKIWRPDLVLY	Acetylcholine receptor subunit alpha
NIKILDVNDNIPYME	Desmoglein-1
MASSTPSSSATSSNAGADPN	Glutamate decarboxylase 1
IQGLIGSVEEQLAQL	Keratin, type I cytoskeletal 17
TLRVYK	Tol-Pal system protein TolB
AQYEDIAQK	Keratin, type II cytoskeletal 1
AQYEDIAQKS	Keratin, type II cytoskeletal 1
PISGGGYRARPAKAAATQKK	Fibrinogen beta chain
AQYEDIAQKSKAEAE	Keratin, type II cytoskeletal 1
GKPQYMVLVPSLLHTET	Alpha-2-macroglobulin
PISGGGYRARPAKAAATQKK	Fibrinogen beta chain
KPQYMVLVPSLLHT	Alpha-2-macroglobulin
SGKPQYMVLVPSLLHTET	Alpha-2-macroglobulin
IALREYRK	60 kDa SS-A/Ro ribonucleoprotein
SKEVWKALLQEMPLT	60 kDa SS-A/Ro ribonucleoprotein
PAIALREY	
VHPAIALR	
GPSRRGPSLGASSHQH	Histone H3-like centromeric protein A
PDRFSGS	Immunoglobulin kappa variable 2-29
AIALREYR	
HPAIALRE	
IALREYRK	60 kDa SS-A/Ro ribonucleoprotein
AIALREYR	
VHPAIALR	
HPAIALRE	
PDRFSGS	Immunoglobulin kappa variable 2-29
PAIALREY	
GPSRRGPSLGASSHQH	Histone H3-like centromeric protein A
SKEVWKALLQEMPLT	60 kDa SS-A/Ro ribonucleoprotein
ISYINIIMPSVFGT	Melanin-concentrating hormone receptor 1
GSISYINIIMPSVFGTIC	Melanin-concentrating hormone receptor 1
LVAGQWRDMMDYMLQGVA	Steroid 21-hydroxylase
PGLKSCMGLKIGDTV	Integrin beta-3
ELAVICANYDIPHIVNNAYG	O-phosphoseryl-tRNA(Sec) selenium transferase
GHEAQPH	Myeloblastin
ELAVICANYDIPHIVNNAYG	O-phosphoseryl-tRNA(Sec) selenium transferase
PGLKSCMGLKIGDTV	Integrin beta-3
FLIVLSVAL	Islet amyloid polypeptide
VLSPADKTNVKAAWGKVGAHAGEYG	Hemoglobin subunit alpha
TPPSVVGGLGVTMVH	Aquaporin-4
HRPLDKKREEAPSLRPAPPP	Fibrinogen beta chain
NAKTKPR	Immunoglobulin gamma-1 heavy chain
FHSGKHYWEVDVTGKE	E3 ubiquitin-protein ligase TRIM21
SQEGRTTKQ	60 kDa SS-A/Ro ribonucleoprotein
FHSGKHYWEVDVTGKE	E3 ubiquitin-protein ligase TRIM21
SQEGRTTKQ	60 kDa SS-A/Ro ribonucleoprotein
FHSGKHYWEVDVTGKE	E3 ubiquitin-protein ligase TRIM21
GHEAQPH	Myeloblastin
DSQNNRCEMPRSLTLEVCQCDNRGICGTSYPTTSPGTRYGRPHSG	Desmoglein-3
PRRKAGI	Myeloblastin
EILGALLSI	Zinc transporter 8
ILGALLSIL	Zinc transporter 8
MPAYQELVEEAIAYG	Transaldolase
DSQNNRCEMPRSLTLEVCQCDNRGICGTSYPTTSPGTRYGRPHSG	Desmoglein-3
PRRKAGI	Myeloblastin
IKKEKPFSNSKVECQA	Nuclear autoantigen Sp-100
RDYIPRILGPEAFQQYVG	Thyroid peroxidase
GPSLLDVSQTSVTALP	Thyrotropin receptor
KEQFLDGDGWTSRWIESK	Calreticulin
GPSLLDVSQTSVTALP	Thyrotropin receptor
RDYIPRILGPEAFQQYVG	Thyroid peroxidase
SEHETRLVAKLFKDYS	Acetylcholine receptor subunit alpha
GDSMDRIEKDRLQGMA	Collagen alpha-1(XVII) chain
SMDRIEKDRLQGMAPA	Collagen alpha-1(XVII) chain
ILPYGDSMDRIEKDRL	Collagen alpha-1(XVII) chain
GDSMDRIEKDRLQGMA	Collagen alpha-1(XVII) chain
SMDRIEKDRLQGMAPA	Collagen alpha-1(XVII) chain
ILPYGDSMDRIEKDRL	Collagen alpha-1(XVII) chain
IKKEKPFSNSKVECQA	Nuclear autoantigen Sp-100
GNVSPGTRREYHTEKLVT	Fibrinogen alpha chain
RESGVPD	
FLYSKLT	Immunoglobulin gamma-1 heavy chain
GSFFLYS	Immunoglobulin gamma-1 heavy chain
QWVGYDDQESVKSKVQ	Chitinase-3-like protein 1
KLRREVEKAKRALSSQHQAR	Endoplasmic reticulum chaperone BiP
NPENTVFDAKRLIGRTWNDP	Endoplasmic reticulum chaperone BiP
SDVGVYRAVTPLGRLD	SLA class II histocompatibility antigen, DQ haplotype D beta chain
KEQFLDGDGWTSRWIESK	Calreticulin
KEQFLDGDGWTSRWIESK	Calreticulin
KEQFLDGDGWTSRWIESK	Calreticulin
VPNNKITVV	L-lactate dehydrogenase B chain
EPTSGVIARAAEIMETSI	Thyroid peroxidase
VPNNKITVV	L-lactate dehydrogenase B chain
EPTSGVIARAAEIMETSI	Thyroid peroxidase
APQDVTYAQLHSLTLRRE	Leukocyte immunoglobulin-like receptor subfamily B member 5
GALFLWMFWPSFNSA	Blood group Rh(D) polypeptide
LPLLANNRERRGIALD	S-arrestin
VPPAVTGI	Fructose-bisphosphate aldolase A
KRADWKKTVETQKSRIHA	E3 ubiquitin-protein ligase TRIM21
PVPHGTQ	Myeloblastin
KRADWKKTVETQKSRIHA	E3 ubiquitin-protein ligase TRIM21
GTLIIRDVKESDQG	Basement membrane-specific heparan sulfate proteoglycan core protein
LPLLANNRERRGIALD	S-arrestin
VPPAVTGI	Fructose-bisphosphate aldolase A
GTLIIRDVKESDQG	Basement membrane-specific heparan sulfate proteoglycan core protein
MNILLQYVVKSFD	Glutamate decarboxylase 2
SHGRTQDENPVVHFFK	Myelin basic protein
DELERIRRSILPYGDS	Collagen alpha-1(XVII) chain
DELERIRRSILPYGDS	Collagen alpha-1(XVII) chain
VYTLPPS	Immunoglobulin gamma-1 heavy chain
KVSNKAL	Immunoglobulin gamma-1 heavy chain
APVELILSDETLPAPE	Alpha-1B-glycoprotein
SPKLLIY	Ig kappa chain V-V region MOPC 21
KRADWKKTVETQKSRIHA	E3 ubiquitin-protein ligase TRIM21
DSNLDWSHNF	Citrate synthase, mitochondrial
PVPHGTQ	Myeloblastin
EPLARLEL	Steroid 21-hydroxylase
GEEGLTLNLEDVQ	60 kDa heat shock protein, mitochondrial
TLNLEDVQPHDLG	60 kDa heat shock protein, mitochondrial
SNIMHSINGYV	Coagulation factor VIII
RVALTEDRLP	A disintegrin and metalloproteinase with thrombospondin motifs 13
CNRYCRDEIESVKEL	Integrin beta-3
KTTCLPMFGYKHVLT	Integrin beta-3
LPSPPAVAV	Uncharacterized protein C15orf39
AALPNVYEV	DNA replication licensing factor MCM5
LPAEVKEQI	Interferon-induced helicase C domain-containing protein 1
SPPLAQAI	Lamina-associated polypeptide 2, isoforms alpha/zeta
LPNGTASLI	Intersectin-2
LPPSVLAV	
DAFTIKTV	Interferon-induced helicase C domain-containing protein 1
DAKSTIVSI	Protein disulfide-isomerase TMX3
NPKDPESNI	ATP-dependent DNA/RNA helicase DHX36
TAALHHLTV	Queuine tRNA-ribosyltransferase catalytic subunit 1
GEPIPVTVTVTNNTEKTVKK	S-arrestin
LPKETTVGAVTV	Transportin-3
LPKSSSQEV	WD repeat-containing protein 75
LPRDPSSEV	Structural maintenance of chromosomes protein 5
VPPLATNTV	Histone deacetylase complex subunit SAP130
LPPLIGQKI	Gamma-secretase-activating protein
VPDQPHPEI	Interferon regulatory factor 4
KSSVRLLIRKVQHAPLEMGP	S-arrestin
VPFHRVDTI	Galectin-9C
DALLKFSHI	Bax inhibitor 1
HAAYVHVI	Phospholipase D1
FPEEVIATI	Insulin-induced gene 1 protein
LPQIAAKI	Flotillin-2
SALPHVHTV	
SATQAAKQV	Disks large-associated protein 5
SPPLITQV	WD repeat-containing protein 54
FALGSVVAV	Exosome component 10
MPYLDIVREV	Delta-aminolevulinic acid dehydratase
AATPAKKTV	Nucleolin
IFRDGEEAGAYDGPRTADGIVSHLK	Protein disulfide-isomerase A3
INVREGIAFRPASKT	Desmoglein-3
YPCAYLNAASAIGMKMQDVD	O-phosphoseryl-tRNA(Sec) selenium transferase
YKRGIIDRGQYLQLQELECD	Envoplakin
ERPLELRVRVLDI	Desmoglein-1
MGEIEENSASNSLVM	Desmoglein-3
DLERPLELRVRVLDI	Desmoglein-1
KKEGSNLLTIKDEAE	Secretory phospholipase A2 receptor
IPCFLAGDTR	Eosinophil peroxidase
PSTVKAGELEKIISRCQV	Collagen alpha-3(IV) chain
IPSTVKAGELEKI	Collagen alpha-3(IV) chain
QAPGKGLEWVA	Immunoglobulin gamma-1 heavy chain
YYADSVKGRFT	Immunoglobulin alpha-2 heavy chain
SEECSVSMPSICKRK	Secretory phospholipase A2 receptor
PSTVKAGELEKIISRCQVCM	Collagen alpha-3(IV) chain
CESTLPYICKKYLNH	Secretory phospholipase A2 receptor
AHEFCKKEGSNLLTI	Secretory phospholipase A2 receptor
IFRDGEEAGAYDGPRTADGIVSHLK	Protein disulfide-isomerase A3
YPCAYLNAASAIGMKMQDVD	O-phosphoseryl-tRNA(Sec) selenium transferase
FDPIIEDRHGGYKPS	Creatine kinase B-type
IGSSYFPEHGYFRAPE	Multimerin-2
RFDSDVGEFRAV	HLA class II histocompatibility antigen, DRB1-15 beta chain
GLLDQVAAL	
DVGEYRAVTELGRPD	HLA class II histocompatibility antigen, DRB1-1 beta chain
LDAVYLNKNKYLTVIDKDAF	Thyrotropin receptor
YYVFFEEQEDEIIGFGQELK	Thyrotropin receptor
FDSDVGEYRAV	HLA class II histocompatibility antigen, DRB1-16 beta chain
TGGASGLGLATAERLVGQGASAV	3-hydroxyacyl-CoA dehydrogenase type-2
GEPIPVTVTVTNNTEKTVKK	S-arrestin
KSSVRLLIRKVQHAPLEMGP	S-arrestin
LPSPPAVAV	Uncharacterized protein C15orf39
AALPNVYEV	DNA replication licensing factor MCM5
LPAEVKEQI	Interferon-induced helicase C domain-containing protein 1
SPPLAQAI	Lamina-associated polypeptide 2, isoforms alpha/zeta
LPNGTASLI	Intersectin-2
LPPSVLAV	
DAFTIKTV	Interferon-induced helicase C domain-containing protein 1
DAKSTIVSI	Protein disulfide-isomerase TMX3
NPKDPESNI	ATP-dependent DNA/RNA helicase DHX36
TAALHHLTV	Queuine tRNA-ribosyltransferase catalytic subunit 1
LPKETTVGAVTV	Transportin-3
LPKSSSQEV	WD repeat-containing protein 75
LPRDPSSEV	Structural maintenance of chromosomes protein 5
VPPLATNTV	Histone deacetylase complex subunit SAP130
LPPLIGQKI	Gamma-secretase-activating protein
VPDQPHPEI	Interferon regulatory factor 4
VPFHRVDTI	Galectin-9C
DALLKFSHI	Bax inhibitor 1
HAAYVHVI	Phospholipase D1
FPEEVIATI	Insulin-induced gene 1 protein
LPQIAAKI	Flotillin-2
SALPHVHTV	
SATQAAKQV	Disks large-associated protein 5
SPPLITQV	WD repeat-containing protein 54
FALGSVVAV	Exosome component 10
MPYLDIVREV	Delta-aminolevulinic acid dehydratase
AATPAKKTV	Nucleolin
SNTRVFPNPNNKQALY	
DRPEDLDVPPALADFIHQQRT	Exosome component 10
PSTVKAGELEKIISRCQV	Collagen alpha-3(IV) chain
IPSTVKAGELEKI	Collagen alpha-3(IV) chain
PSTVKAGELEKIISRCQVCM	Collagen alpha-3(IV) chain
FDPIIEDRHGGYKPS	Creatine kinase B-type
KLDAVYLNKNKYLTVIDKDA	Thyrotropin receptor
IGSSYFPEHGYFRAPE	Multimerin-2
SHCCAFKNQKKIRGILESL	Thyrotropin receptor
RFDSDVGEFRAV	HLA class II histocompatibility antigen, DRB1-15 beta chain
DVGEYRAVTELGRPD	HLA class II histocompatibility antigen, DRB1-1 beta chain
EEQEDEIIGFGQELKNPQEE	Thyrotropin receptor
EEQEDEIIGFGQELKN	Thyrotropin receptor
LDAVYLNKNKYLTVIDKDAF	Thyrotropin receptor
KNQKKIRGILESLMCNES	Thyrotropin receptor
YYVFFEEQEDEIIGFGQELK	Thyrotropin receptor
FDSDVGEYRAV	HLA class II histocompatibility antigen, DRB1-16 beta chain
LNKNKYLTVIDKDAFG	Thyrotropin receptor
RQGLKKADCSFWSKYISSLK	Thyroglobulin
GQELKNPQEETLQAFDSHYD	Thyrotropin receptor
TGGASGLGLATAERLVGQGASAV	3-hydroxyacyl-CoA dehydrogenase type-2
RVALTEDRLP	A disintegrin and metalloproteinase with thrombospondin motifs 13
CNRYCRDEIESVKEL	Integrin beta-3
KTTCLPMFGYKHVLT	Integrin beta-3
GNLEHVS	
ACERLLYPDYQIQATVMIIVSSCAVAA	Zinc transporter 8
SLAAGVKLL	Receptor-type tyrosine-protein phosphatase-like N
KRGIVEQCCTSICSL	Insulin
CDGERPTLAFLQDVM	Glutamate decarboxylase 2
QCCTSICSLYQL	Insulin
SVHSLHIWSL	Zinc transporter 8
GIVEQCCTSICS	Insulin
RLLPLLALL	Protein GPR107
CCTSICSLYQLENYCN	Insulin
GIVEQCCTSICSLYQ	Insulin
VEQCCTSICSLYQ	Insulin
RLLPLLALLAL	Insulin, isoform 2
IQATVMIIV	Zinc transporter 8
GIVEQCCTSI	Insulin
ERMSRLSKVAPVIKA	Glutamate decarboxylase 2
LDVPPALADFIHQQR	Exosome component 10
GQIPPGAM	U1 small nuclear ribonucleoprotein A
VRAPAKPRSPPRSER	Myelin-associated oligodendrocyte basic protein
ESAWNLENRFSGWYD	Phosphoglycerate mutase 1
NADACFCIDNEALYD	Tubulin beta-1 chain
VHGNSGAGNNWAKGH	Tubulin beta-1 chain
VLFSSDFRI	
ASQKRPSQRHGSKY	Myelin basic protein
VCNPIISGLYQGAGG	Heat shock 70 kDa protein 1P0DMV8.1 RecName: Full
VLIRHGESAWNLENR	2,3-bisphosphoglycerate-dependent phosphoglycerate mutase
EELGSKAKFAGRNFR	Alpha-enolase
RCGLQELGPGLFRGL	Reticulon-4 receptor
GGHWGAWMPSSISAF	Myelin-associated glycoprotein
CQSIAFPSKTSASIGSLCAD	Myelin proteolipid protein
SSVEAIEGSHVSLLC	Myelin-associated glycoprotein
MESALDQLKQFTTVV	Transaldolase
CVCYNEPKVTTSCPQ	Reticulon-4 receptor
PIIEDRHGGYKPSDE	Creatine kinase B-type
SAFEGTCVSIPCRFD	Myelin-associated glycoprotein
GVVWYLVAVAHGDLLELDPPANHTPCVVQVHTLTGAFL	ATP-sensitive inward rectifier potassium channel 10
VAVAHGDLLELDPPANHTPCVVQVHTLTG	ATP-sensitive inward rectifier potassium channel 10
QYNSSSGGGG	RNA-binding protein FUS
GRDHGLPGYNEWREF	Thyroid peroxidase
RFDFPDELRPAVVHG	Myelin-associated glycoprotein
TFDPHFLRVPCWKITLFVIV	Myelin-oligodendrocyte glycoprotein
PDPGAGAAGGGG	RING finger protein 150
RAEIENLHRTFDPHF	Myelin-oligodendrocyte glycoprotein
LLMAWGQYIDHDIAF	Thyroid peroxidase
LFALTLPIW	C-X-C chemokine receptor type 2
SDVGEYRAVTELGRP	HLA class II histocompatibility antigen, DRB1-7 beta chain
CVSIPCRFDFPDELR	Myelin-associated glycoprotein
QAGKELEEQHGIHCN	Transaldolase
YLVAVAHGDLLELDPPANHTPCVVQVHTLTG	ATP-sensitive inward rectifier potassium channel 10
APEYRGRTELLK	Myelin-oligodendrocyte glycoprotein
VSHFFRELAEEKREG	Ferritin light chain
CRLEKPAKYDDIKKV	Glyceraldehyde-3-phosphate dehydrogenase
QNPNLHKSLASS	Zinc finger protein basonuclin-1
VSLLHFVPTREANGH	Myelin-associated glycoprotein
ENLHRTFDPHFLRVPCW	Myelin-oligodendrocyte glycoprotein
FDPHFLRVPCWKITL	Myelin-oligodendrocyte glycoprotein
MVAFKGVWTQAFWKA	Aquaporin-4
TWTTCQSIAFPSKTSASIGS	Myelin proteolipid protein
GHWGAWMPSSISAFEGTCVSI	Myelin-associated glycoprotein
GIRKFAADAVKLERM	Transaldolase
MAAYKLVLIRHGESA	Phosphoglycerate mutase 1
YIYFNTWTTCQSIAFPSKTSA	Myelin proteolipid protein
KLRAEIENL	Myelin-oligodendrocyte glycoprotein
KRPSQRHGSK	Myelin basic protein
GKVNVDEVGGEALGRLL	Hemoglobin subunit beta
HIILVLSGK	Probable cytosolic Fe-S cluster assembly factor SJAG_02895
SKTSASIGSLCADARMYGVLP	Myelin proteolipid protein
LILPEAVGGTVF	Fatty acid 2-hydroxylase
LRVPCWKITLFVIVPV	Myelin-oligodendrocyte glycoprotein
RLRGKLRAE	Myelin-oligodendrocyte glycoprotein
PVGIRHRLRG	Mitochondrial import inner membrane translocase subunit Tim17-B
AFKGVWTQAFWKAVT	Aquaporin-4
NTWTTCQSIAFPSK	Myelin proteolipid protein
SSNAGGGGGGA	Transcription factor SOX-4
WTTCQSIAFPSKTSASIGSL	Myelin proteolipid protein
GGAAAQSLYIANHAY	Fructose-bisphosphate aldolase C
FGEEGLTLNLEDVQP	60 kDa heat shock protein, mitochondrial
WSQLLANSAARKKKL	Spectrin alpha chain, non-erythrocytic 1
WYRSKFADLTDAAAR	Glial fibrillary acidic protein
HRKLFEELVRASSHS	Pyruvate kinase PKM
IAFPSKTSASIGSLC	Myelin proteolipid protein
PRSPPRSERQPRPRP	Myelin-associated oligodendrocyte basic protein
VTDDSSFLGGGG	E3 ubiquitin-protein ligase RNF115
LDRKLILDSARATKG	Transketolase
LKKEKINIRVLDPFT	Transketolase
AINPESDQPDLSNF	Acetylcholine receptor subunit alpha
LGTWTYDGSVVAINPES	Acetylcholine receptor subunit alpha
DGPSPGALVRRSSSLGYISK	Acetylcholine receptor subunit delta
REKLFSGYDSSVRPAREVGD	Acetylcholine receptor subunit beta
DGPSPGALVRRSSSLGY	Acetylcholine receptor subunit delta
MKLGTWTYDGSVVAINPESD	Acetylcholine receptor subunit alpha
FLMAHYNRVPALPFPGDPRP	Acetylcholine receptor subunit gamma
TWTYDGSVVA	Acetylcholine receptor subunit alpha
AMVMDHILLGVFMLVCIIG	Acetylcholine receptor subunit alpha
KVYLDLEWTDYRLSWDPAEH	Acetylcholine receptor subunit beta
SMKLGTWTYDGSVVAINPESD	Acetylcholine receptor subunit alpha
DEQNCSMKLGTWTYDGSVVAINPESDQPDL	Acetylcholine receptor subunit alpha
GTWTYDGSVVA	Acetylcholine receptor subunit alpha
NRVPALPFPGDPRPYLPSPD	Acetylcholine receptor subunit gamma
APEYRGRTELLK	Myelin-oligodendrocyte glycoprotein
FGHISGGHINPAVTVAMVCTRKISIA	Aquaporin-4
TVAMVCTRKISIAKSVFYIA	Aquaporin-4
IQATVMIIV	Zinc transporter 8
INVREGIAFRPASKT	Desmoglein-3
YKRGIIDRGQYLQLQELECD	Envoplakin
ERPLELRVRVLDI	Desmoglein-1
MGEIEENSASNSLVM	Desmoglein-3
DLERPLELRVRVLDI	Desmoglein-1
SICSLYQLENYCN	Insulin
QCCTSICSLYQL	Insulin
GIVEQCCTSICS	Insulin
CCTSICSLYQLENYCN	Insulin
MQALEIELQSQLSMK	Keratin, type I cytoskeletal 17
GASGVGSGL	Keratin, type II cytoskeletal 6B
MGNIDSINCK	Serpin B5
ENRYCVQLSQIQGLI	Keratin, type I cytoskeletal 17
VMHEALH	Immunoglobulin gamma-1 heavy chain
TYRVVSV	Immunoglobulin gamma-1 heavy chain
IYLYTLNDNARSSPV	Fibronectin
NSTYRVV	Immunoglobulin gamma-1 heavy chain
AGRLLASSTAASVPN	Sialoadhesin
FFLYSKL	Immunoglobulin gamma-1 heavy chain
MHEALHN	Immunoglobulin gamma-1 heavy chain
TYGIGVG	Proline--tRNA ligase
EPHRHSIFTPETNPRAGLE	Plasminogen
IVPWDTLSTTQ	Metalloproteinase inhibitor 2
GKGLEWL	Ig heavy chain V region MC101
MFGGPGTASRPSSS	Vimentin
ALTNGIYPHKLVF	60S ribosomal protein L6
PQVYTLP	Immunoglobulin gamma-1 heavy chain
SQRFSKIASNTQSR	Chitinase-3-like protein 1
FPPKPKD	Immunoglobulin gamma-1 heavy chain
YRVVSVL	Immunoglobulin gamma-1 heavy chain
EPQVYTL	Immunoglobulin gamma-1 heavy chain
VTAFSNMDDMLQKA	Collagen alpha-1(XV) chain
DVGEYRAVTELGRPD	HLA class II histocompatibility antigen, DRB1-1 beta chain
TCSFSGF	
KGLEWLA	
DDHTLIRVMVSRSEID	Annexin A5
REPQVYT	Immunoglobulin gamma-1 heavy chain
GVYATRSSAVRLRSSVPGVR	Vimentin
LHNHYTQ	Immunoglobulin gamma-1 heavy chain
SLVNLGGSK	Keratin, type II cytoskeletal 1
PRTEWQLNAHRD	Collagen alpha-1(XII) chain
SDVDLIPMNDHNAYR	Beta-1,4-galactosyltransferase 1
QEPHRHSIFTPETNPRAGLE	Plasminogen
DGVLRIQNLDQSCQ	Basement membrane-specific heparan sulfate proteoglycan core protein
VYATRSSAVRLRSSVP	Vimentin
PYIQVDIGGGQTKTFAPEEI	Endoplasmic reticulum chaperone BiP
SSVPGVRLLQ	
KAKFAGRNFRNPLAK	Alpha-enolase
QVYTLPP	Immunoglobulin gamma-1 heavy chain
EGARNIVAAMKAHGVD	Flavin reductase (NADPH)
WPSALPT	Aquaporin-5
GQKPPLSTWDNSPLR	Trinucleotide repeat-containing gene 6A protein
FGHISGGHINPAVTVAMVCTRKISIA	Aquaporin-4
NGWKSTEEEDQGSAT	Trinucleotide repeat-containing gene 6A protein
EPVSIECGHSFCQECI	E3 ubiquitin-protein ligase TRIM21
ADSASSSESERNITI	Trinucleotide repeat-containing gene 6A protein
IPPGAMPP	U1 small nuclear ribonucleoprotein A
ILENGAVRYTTFEYP	Beta-2-glycoprotein 1
AAAPVAAATTAAPAA	60S acidic ribosomal protein P0
DMVFGASTKQIDVYR	Kinesin-like protein KIF11
SHFCGGTLIHPSFVL	Myeloblastin
SNRKEMTQFLEEWLN	Centromere-associated protein E
VIVEDDDSAIIPCRTTD	Platelet-derived growth factor receptor alpha
AVQGPVPGMP	U1 small nuclear ribonucleoprotein A
FGHISGGHINPAVTVAMVCTRKISIA	Aquaporin-4
FWTIWLWNKQKYEAG	E3 ubiquitin-protein ligase TRIM21
LDVPPALADFIHQQR	Exosome component 10
KPVKPKAKSSAKRAG	Histone H1.0
EKSMMNLQTKIDAKKE	DNA topoisomerase 1
GEIKWIDFVRGAKEG	Lupus La protein homolog
SPTLGASNRAFVRWL	Myeloperoxidase
CAARQATREVKEMKKVT	Platelet-derived growth factor receptor alpha
GQIPPGAM	U1 small nuclear ribonucleoprotein A
DPCLLTNRSARIPCF	Myeloperoxidase
PPGRGTPP	Small nuclear ribonucleoprotein-associated protein N
KFALGSVVAVTKASG	Exosome component 10
MESFENPFRMFLPSL	Exosome component 10
QRGPVSSTSDSSTNC	Trinucleotide repeat-containing gene 6A protein
ADSASSSESERNITI	Trinucleotide repeat-containing gene 6A protein
FGHISGGHINPAVTVAMVCTRKISIA	Aquaporin-4
PPGRGTPP	Small nuclear ribonucleoprotein-associated protein N
AAAPVAAATTAAPAA	60S acidic ribosomal protein P0
GQIPPGAM	U1 small nuclear ribonucleoprotein A
IPPGAMPP	U1 small nuclear ribonucleoprotein A
QRGPVSSTSDSSTNC	Trinucleotide repeat-containing gene 6A protein
KFALGSVVAVTKASG	Exosome component 10
DMVFGASTKQIDVYR	Kinesin-like protein KIF11
CAARQATREVKEMKKVT	Platelet-derived growth factor receptor alpha
DPCLLTNRSARIPCF	Myeloperoxidase
AVQGPVPGMP	U1 small nuclear ribonucleoprotein A
EKSMMNLQTKIDAKKE	DNA topoisomerase 1
MESFENPFRMFLPSL	Exosome component 10
ILENGAVRYTTFEYP	Beta-2-glycoprotein 1
KPVKPKAKSSAKRAG	Histone H1.0
LDVPPALADFIHQQR	Exosome component 10
VIVEDDDSAIIPCRTTD	Platelet-derived growth factor receptor alpha
SPTLGASNRAFVRWL	Myeloperoxidase
SHFCGGTLIHPSFVL	Myeloblastin
FWTIWLWNKQKYEAG	E3 ubiquitin-protein ligase TRIM21
GEIKWIDFVRGAKEG	Lupus La protein homolog
SNRKEMTQFLEEWLN	Centromere-associated protein E
YYADSVKGRFT	Immunoglobulin alpha-2 heavy chain
QAPGKGLEWVA	Immunoglobulin gamma-1 heavy chain
ALAEEVRKLKARVD	Collagen alpha-1(XVII) chain
VYATRSSAVRLRSSVP	Vimentin
CLDPFVEPVSIECGHSFC	E3 ubiquitin-protein ligase TRIM21
CEKDGKALCWVCAQSRKH	E3 ubiquitin-protein ligase TRIM21
CLDPFVEPVSIECGHSFC	E3 ubiquitin-protein ligase TRIM21
CEKDGKALCWVCAQSRKH	E3 ubiquitin-protein ligase TRIM21
AAHLPAEFTPAVHASLDKFLASVSTVL	Hemoglobin subunit alpha
AAHLPAEFTPAVHASLDKFLASVSTVL	Hemoglobin subunit alpha
GSKYLATASTMDHARHGFLPRHRDTGILDSIGRFFGGDRG	Myelin basic protein
FKDYSS	Fibroblast growth factor receptor 2
KLNKKAASGEAKPKAK	Histone H1.5
FLFPPKP	Immunoglobulin gamma-1 heavy chain
QDFTNRINKLKNS	Fibrinogen alpha chain
VPDRFTG	Ig kappa chain V region Mem5
RVNSAYQDKVSLPNYP	Aggrecan core protein
HNGNLIPTHTQPSYRF	Low affinity immunoglobulin gamma Fc region receptor II-b
ATRSSAVRLRSSVPGVR	Vimentin
HQYLSSF	
KQKYEAGTYPQTPLHLQV	E3 ubiquitin-protein ligase TRIM21
CLDPFVEPVSIECGHSFC	E3 ubiquitin-protein ligase TRIM21
KLNKKAASGEAKPKAK	Histone H1.5
GTYPQTPLHLQVPPCQVG	E3 ubiquitin-protein ligase TRIM21
KLNKKAASGEAKPKAK	Histone H1.5
KLNKKAASGEAKPKAK	Histone H1.5
YKCIQEVLKTWSHWSIQIVD	Steroid 21-hydroxylase
GVMAARGQL	Thrombopoietin
TLNELPNRT	Thrombopoietin
QPHISPLTI	Forkhead box protein K2
SALPVSPSI	Band 4.1-like protein 5
SAYEQVKQV	Serologically defined colon cancer antigen 8
DASLVVERI	Nuclear pore complex protein Nup155
EPLEVFISA	Nuclear autoantigen Sp-100
VAANIVLTV	Zinc transporter 8
QPHISPLTI	Forkhead box protein K2
SALPVSPSI	Band 4.1-like protein 5
SAYEQVKQV	Serologically defined colon cancer antigen 8
DASLVVERI	Nuclear pore complex protein Nup155
GVMAARGQL	Thrombopoietin
TLNELPNRT	Thrombopoietin
VAANIVLTV	Zinc transporter 8
GKCGPLCTRENIMVAFKGVW	Aquaporin-4
GKCGPLCTRENIMVAFKGVW	Aquaporin-4
VAANIVLTV	Zinc transporter 8
VAANIVLTV	Zinc transporter 8
EPLEVFISA	Nuclear autoantigen Sp-100
LFKPPKYHPDVPYVKR	Band 3 anion transport protein
LFKPPKYHPDVPYVKR	Band 3 anion transport protein
LFKPPKYHPDVPYVKR	Band 3 anion transport protein
PAESGGSQPPRA	Glutamate decarboxylase 2
LLYGDAEKPAESGGSQPPRA	Glutamate decarboxylase 2
PAVPETLKKKRRNFAELKIKRLRKK	60S ribosomal protein L7
RSWTAADTAAQITQ	Class I histocompatibility antigen, Gogo-C*0202 alpha chain
DLRSWTAADTAAQITQ	Class I histocompatibility antigen, Gogo-C*0202 alpha chain
PAVPETLKKKRRNFAELKIKRLRKK	60S ribosomal protein L7
KGEQGEPGA	Complement C1q subcomponent subunit A
PAVPETLKKKRRNFAELKIKRLRKK	60S ribosomal protein L7
TGMCNNRRSPTLGAS	Myeloperoxidase
PAVPETLKKKRRNFAELKIKRLRKK	60S ribosomal protein L7
KGEQGEPGA	Complement C1q subcomponent subunit A
TGMCNNRRSPTLGAS	Myeloperoxidase
SIICYLTFGDKIKDDNLM	Steroid 21-hydroxylase
RDHAMVPLEEAAQEYQEK	E3 ubiquitin-protein ligase TRIM21
PEDIEAFKNYTLDSSAAPTPQAAPA	Dihydrolipoyllysine-residue acetyltransferase component of pyruvate dehydrogenase complex, mitochondrial
RDHAMVPLEEAAQEYQEK	E3 ubiquitin-protein ligase TRIM21
WLRNGKPVTTGVSETV	HLA class II histocompatibility antigen, DR alpha chain
YGGELRFTVTQRSQPG	Basement membrane-specific heparan sulfate proteoglycan core protein
HWSADAVYQEARKVVGAL	Thyroid peroxidase
WLRNGKPVTTGVSETV	HLA class II histocompatibility antigen, DR alpha chain
YGGELRFTVTQRSQPG	Basement membrane-specific heparan sulfate proteoglycan core protein
HWSADAVYQEARKVVGAL	Thyroid peroxidase
NASVRAAFVHALGDLFQSISVLISALI	Zinc transporter 8
PEDIEAFKNYTLDSSAAPTPQAAPA	Dihydrolipoyllysine-residue acetyltransferase component of pyruvate dehydrogenase complex, mitochondrial
KTISKAK	Immunoglobulin gamma-1 heavy chain
DHEGTHSTKRGHAKSRPVRD	Fibrinogen alpha chain
VTPTVRIESSSSQVAE	Basement membrane-specific heparan sulfate proteoglycan core protein
NKASYIHLQGSDLRPQ	Serine/threonine-protein phosphatase 5
EKTPVKKKARKSAGAA	Histone H1.4
SRGTLLALEGPGLSQR	Thrombospondin-2
RDHAMVPLEEAAQEYQEK	E3 ubiquitin-protein ligase TRIM21
EKTPVKKKARKSAGAA	Histone H1.4
VSLVCEKLCNEKLLKKARIHPFHILIA	60 kDa SS-A/Ro ribonucleoprotein
EKTPVKKKARKSAGAA	Histone H1.4
VSLVCEKLCNEKLLKKARIHPFHILIA	60 kDa SS-A/Ro ribonucleoprotein
AWHQQQP	Immunoglobulin lambda variable 4-69
EKTPVKKKARKSAGAA	Histone H1.4
VSLVCEKLCNEKLLKKARIHPFHILIA	60 kDa SS-A/Ro ribonucleoprotein
AWHQQQP	Immunoglobulin lambda variable 4-69
GQLLEGHVHMAAVDLLIG	Steroid 21-hydroxylase
SQSLSFDSSNPEYFDGYW	Integrin alpha-IIb
YLNRIHELL	Thrombopoietin
LPHHRVIEV	Nodal modulator 1
LPHHRVIEV	Nodal modulator 1
SQSLSFDSSNPEYFDGYW	Integrin alpha-IIb
YLNRIHELL	Thrombopoietin
